inputstate,birthyr,gender,sexuality,trans,educ,votereg,race,employ,internethome,internetwork,marstat,pid3,ideo5,pew_bornagain,pew_religimp,pew_churatd,pew_prayer,religpew,child18num,newsint,faminc_new,ownhome,urbancity,immstat,cit1,unionhh,investor,assets_estimate,response_time_minutes,volunteering_index
California,1985,Male,Heterosexual / straight,No,4-year,Yes,Hispanic,Full-time,Broadband,Broadband,Never married,Democrat,Very liberal,No,Not at all important,Seldom,Never,Agnostic,0,Most of the time,"$70,000 - $79,999",Rent,City,I was born in the USA but at least one of my parents is an immigrant,Yes,"No, no one in my household has ever been a member of a labor union",No,63086.0,14.9,0.92
California,1959,Female,Heterosexual / straight,No,High school graduate,Yes,White,Full-time,,Broadband,Married,Republican,Conservative,Yes,Very important,Once or twice a month,Once a day,Protestant,0,Most of the time,"$100,000 - $119,999",Own,Suburb,"My parents, grandparents and I were all born in the USA",Yes,"No, no one in my household has ever been a member of a labor union",Yes,82939.0,10.3,0.0
Maryland,1958,Female,Heterosexual / straight,No,High school graduate,Yes,White,Retired,Broadband,,Divorced,Democrat,Moderate,No,Somewhat important,Never,Once a day,Roman Catholic,2,Some of the time,"$30,000 - $39,999",Own,Suburb,My parents and I were born in the USA but at least one of my grandparents was an immigrant,Yes,"No, no one in my household has ever been a member of a labor union",No,30724.0,14.5,0.13
Virginia,1981,Female,Heterosexual / straight,No,Post-grad,Yes,White,Full-time,Broadband,Broadband,Married,Independent,Liberal,Yes,Somewhat important,A few times a year,Several times a day,Protestant,2,Some of the time,"$150,000 - $199,999",Own,Suburb,"My parents, grandparents and I were all born in the USA",Yes,"No, no one in my household has ever been a member of a labor union",Yes,167808.0,8.5,0.0
California,1993,Female,Lesbian / gay woman,No,2-year,Yes,White,Permanently disabled,Broadband,,Never married,Democrat,Very liberal,No,Somewhat important,Once or twice a month,Never,Buddhist,0,Some of the time,Prefer not to say,Rent,Suburb,"My parents, grandparents and I were all born in the USA",Yes,"Yes, a member of my household is currently a union member",No,66808.0,13.2,0.22
California,1987,Male,Bisexual,No,Post-grad,Yes,Asian,Homemaker,Broadband,Broadband,Never married,Independent,Moderate,No,Very important,More than once a week,Several times a day,Roman Catholic,0,Only now and then,"$30,000 - $39,999",Own,Suburb,I was born in the USA but at least one of my parents is an immigrant,Yes,"A member of my household was formerly a member of a labor union, but is not now",No,9471.0,12.2,0.37
New York,1988,Male,Heterosexual / straight,No,4-year,Yes,White,Full-time,Broadband,Broadband,Never married,Republican,Conservative,No,Not too important,A few times a year,Seldom,Agnostic,0,Most of the time,"$120,000 - $149,999",Rent,Town,"My parents, grandparents and I were all born in the USA",Yes,"No, no one in my household has ever been a member of a labor union",Yes,86964.0,11.6,1.17
Michigan,1947,Male,Heterosexual / straight,No,No HS,Yes,White,Retired,Broadband,,Married,Republican,Conservative,No,Not too important,Seldom,Don't know,Nothing in particular,0,Only now and then,"$20,000 - $29,999",Own,City,"My parents, grandparents and I were all born in the USA",Yes,"No, no one in my household has ever been a member of a labor union",No,38393.0,14.3,0.6
Virginia,1989,Female,Heterosexual / straight,No,Post-grad,Yes,White,Full-time,Broadband,Broadband,Never married,Democrat,Liberal,No,Not at all important,Never,Never,Agnostic,0,Most of the time,"$50,000 - $59,999",Other,City,"My parents, grandparents and I were all born in the USA",Yes,"No, no one in my household has ever been a member of a labor union",No,82042.0,7.9,0.0
Pennsylvania,1935,Female,Heterosexual / straight,No,2-year,Yes,White,Retired,Broadband,,Widowed,Democrat,Moderate,No,Not at all important,Seldom,A few times a month,Roman Catholic,0,Most of the time,Prefer not to say,Own,Suburb,My parents and I were born in the USA but at least one of my grandparents was an immigrant,Yes,"Yes, a member of my household is currently a union member",Yes,74270.0,5.6,1.34
New York,1949,Male,Gay man,No,High school graduate,Yes,White,Retired,Broadband,,Divorced,Democrat,Liberal,No,Not at all important,Seldom,Seldom,Protestant,0,Some of the time,"$60,000 - $69,999",Own,Suburb,"My parents, grandparents and I were all born in the USA",Yes,"No, no one in my household has ever been a member of a labor union",Yes,67044.0,13.7,0.68
Colorado,1974,Female,Heterosexual / straight,No,Post-grad,Yes,White,Full-time,Broadband,Broadband,Married,Independent,Moderate,No,Somewhat important,Never,Once a week,Nothing in particular,1,Most of the time,"$120,000 - $149,999",Own,Suburb,"My parents, grandparents and I were all born in the USA",Yes,"No, no one in my household has ever been a member of a labor union",Yes,74975.0,16.3,1.39
Michigan,1966,Male,Heterosexual / straight,No,High school graduate,Yes,White,Full-time,Broadband,Dial-up,Married,Republican,Moderate,No,Very important,Once or twice a month,A few times a week,Roman Catholic,0,Only now and then,"$20,000 - $29,999",Rent,Rural area,My parents and I were born in the USA but at least one of my grandparents was an immigrant,Yes,"No, no one in my household has ever been a member of a labor union",No,18245.0,12.7,0.0
South Carolina,1954,Female,Heterosexual / straight,No,Post-grad,Yes,White,Part-time,Broadband,Broadband,Divorced,Democrat,Very liberal,No,Not at all important,Never,Seldom,Agnostic,0,Some of the time,"$40,000 - $49,999",Own,City,"My parents, grandparents and I were all born in the USA",Yes,"No, no one in my household has ever been a member of a labor union",No,0.0,3.9,0.72
New York,1965,Female,Heterosexual / straight,No,Post-grad,Yes,White,Full-time,Broadband,Broadband,Married,Democrat,Very liberal,No,Not too important,Never,Seldom,Jewish,0,Some of the time,"$200,000 - $249,999",Own,Suburb,My parents and I were born in the USA but at least one of my grandparents was an immigrant,Yes,"Yes, a member of my household is currently a union member",Yes,234005.0,8.5,0.38
Mississippi,1963,Female,Heterosexual / straight,No,2-year,Yes,Black,Full-time,Broadband,Broadband,Married,Democrat,Liberal,Yes,Very important,More than once a week,Several times a day,Nothing in particular,0,Some of the time,"$70,000 - $79,999",Own,Suburb,"My parents, grandparents and I were all born in the USA",Yes,"A member of my household was formerly a member of a labor union, but is not now",No,85129.0,5.0,0.5
California,1958,Female,Heterosexual / straight,No,No HS,Yes,Hispanic,Permanently disabled,Broadband,,Separated,Democrat,Moderate,No,Somewhat important,A few times a year,A few times a week,Roman Catholic,0,Most of the time,"$60,000 - $69,999",Own,Town,My parents and I were born in the USA but at least one of my grandparents was an immigrant,Yes,"No, no one in my household has ever been a member of a labor union",No,85298.0,12.2,0.42
New Jersey,1989,Male,Heterosexual / straight,No,Some college,Yes,White,Full-time,Broadband,Broadband,Never married,Republican,Conservative,No,Not at all important,Never,Never,Nothing in particular,0,Some of the time,"$70,000 - $79,999",Own,Suburb,"My parents, grandparents and I were all born in the USA",Yes,"No, no one in my household has ever been a member of a labor union",No,87655.0,10.9,0.4
Arizona,1959,Male,Gay man,No,4-year,Yes,White,Permanently disabled,Broadband,,Never married,Democrat,Very liberal,No,Not too important,A few times a year,Don't know,Agnostic,0,Most of the time,"$10,000 - $19,999",Own,Suburb,"My parents, grandparents and I were all born in the USA",Yes,"No, no one in my household has ever been a member of a labor union",No,0.0,8.9,1.0
Florida,1938,Male,Heterosexual / straight,No,High school graduate,Yes,Black,Retired,Broadband,,Separated,Democrat,Very liberal,Yes,Very important,More than once a week,Several times a day,Protestant,0,Most of the time,"$50,000 - $59,999",Own,City,"My parents, grandparents and I were all born in the USA",Yes,"No, no one in my household has ever been a member of a labor union",No,44364.0,9.7,0.3
Florida,1987,Female,Heterosexual / straight,No,Some college,Yes,Black,Homemaker,Broadband,Broadband,Never married,Independent,Not sure,No,Not too important,Never,Seldom,Something else,0,Some of the time,"$10,000 - $19,999",Rent,City,"My parents, grandparents and I were all born in the USA",Yes,"No, no one in my household has ever been a member of a labor union",Yes,64854.0,11.6,0.72
Georgia,1981,Female,Heterosexual / straight,No,High school graduate,Yes,Black,Full-time,Broadband,Dial-up,Married,Democrat,Liberal,No,Somewhat important,Seldom,A few times a week,Protestant,1,Hardly at all,"$40,000 - $49,999",Rent,City,"My parents, grandparents and I were all born in the USA",Yes,"No, no one in my household has ever been a member of a labor union",No,24771.0,14.2,1.03
Michigan,1989,Male,Bisexual,No,4-year,Yes,White,Full-time,Broadband,Broadband,Never married,Republican,Conservative,No,Not too important,Seldom,Once a day,Roman Catholic,0,Most of the time,"$20,000 - $29,999",Own,Suburb,"My parents, grandparents and I were all born in the USA",Yes,"No, no one in my household has ever been a member of a labor union",Yes,33277.0,,0.0
New York,1959,Male,Heterosexual / straight,No,4-year,Yes,White,Permanently disabled,Broadband,,Divorced,Democrat,Moderate,No,Not at all important,Never,Never,Nothing in particular,0,Most of the time,"$20,000 - $29,999",Own,Town,My parents and I were born in the USA but at least one of my grandparents was an immigrant,Yes,"No, no one in my household has ever been a member of a labor union",No,11636.0,20.2,0.35
Illinois,1969,Male,Heterosexual / straight,No,High school graduate,Yes,Black,Full-time,Broadband,Broadband,Married,Democrat,Liberal,No,Not too important,Seldom,A few times a week,Nothing in particular,1,Most of the time,"$120,000 - $149,999",Rent,City,"My parents, grandparents and I were all born in the USA",Yes,"No, no one in my household has ever been a member of a labor union",No,94212.0,18.8,0.0
Ohio,1968,Female,Heterosexual / straight,No,4-year,Yes,White,Part-time,Broadband,,Married,Democrat,Moderate,Yes,Somewhat important,Once a week,A few times a week,Nothing in particular,0,Most of the time,"$40,000 - $49,999",Own,Suburb,"My parents, grandparents and I were all born in the USA",Yes,"No, no one in my household has ever been a member of a labor union",Yes,86106.0,8.1,1.57
Utah,1970,Female,Heterosexual / straight,No,2-year,Yes,Hispanic,Full-time,Broadband,Broadband,Married,Independent,Moderate,No,Somewhat important,Seldom,Seldom,Roman Catholic,0,Some of the time,"$70,000 - $79,999",Own,Suburb,I am an immigrant to the USA and a naturalized citizen,Yes,"Yes, a member of my household is currently a union member",No,3389.0,14.7,1.14
Tennessee,1994,Male,Heterosexual / straight,No,4-year,Yes,Hispanic,Full-time,Broadband,Broadband,Never married,Independent,Moderate,No,Not at all important,Never,Never,Agnostic,0,Most of the time,"$100,000 - $119,999",Own,City,My parents and I were born in the USA but at least one of my grandparents was an immigrant,Yes,"No, no one in my household has ever been a member of a labor union",Yes,101633.0,9.7,0.0
Missouri,1971,Female,Heterosexual / straight,No,Some college,Yes,White,Full-time,Broadband,Broadband,Married,Democrat,Very liberal,No,Not at all important,Never,Never,Atheist,0,Some of the time,"$70,000 - $79,999",Own,City,"My parents, grandparents and I were all born in the USA",Yes,"Yes, a member of my household is currently a union member",No,62777.0,9.3,0.0
Oregon,1986,Female,Other,No,Post-grad,Yes,White,Full-time,Broadband,Broadband,Married,Democrat,Very liberal,No,Very important,Once or twice a month,A few times a week,Protestant,1,Some of the time,"$60,000 - $69,999",Own,Town,"My parents, grandparents and I were all born in the USA",Yes,"Yes, a member of my household is currently a union member",Yes,95028.0,7.5,0.79
Minnesota,1992,Female,Bisexual,No,High school graduate,Yes,White,Full-time,,,Domestic / civil partnership,Independent,Liberal,No,Not at all important,Never,Seldom,Buddhist,0,Only now and then,"Less than $10,000",Rent,City,"My parents, grandparents and I were all born in the USA",Yes,"No, no one in my household has ever been a member of a labor union",No,0.0,7.1,0.0
Texas,1982,Male,Heterosexual / straight,No,Post-grad,Yes,White,Full-time,Broadband,Broadband,Never married,Independent,Moderate,No,Somewhat important,Seldom,Once a day,Protestant,0,Most of the time,"$60,000 - $69,999",Rent,City,"My parents, grandparents and I were all born in the USA",Yes,"No, no one in my household has ever been a member of a labor union",Yes,41527.0,19.1,0.0
Virginia,1972,Female,Heterosexual / straight,No,High school graduate,Yes,Other,Homemaker,Broadband,Broadband,Married,Independent,Conservative,No,Very important,More than once a week,Several times a day,Something else,5,Most of the time,Prefer not to say,Rent,Town,I was born in the USA but at least one of my parents is an immigrant,Yes,"No, no one in my household has ever been a member of a labor union",No,50210.0,5.3,0.51
Virginia,1980,Male,Heterosexual / straight,No,Post-grad,Yes,White,Full-time,Broadband,Broadband,Married,Republican,Very conservative,No,Somewhat important,Once a week,Seldom,Roman Catholic,3,Most of the time,"$100,000 - $119,999",Own,Town,I was born in the USA but at least one of my parents is an immigrant,Yes,"No, no one in my household has ever been a member of a labor union",Yes,103759.0,9.0,0.11
New York,1988,Male,Gay man,Yes,Some college,Yes,White,Full-time,Broadband,Broadband,Married,Republican,Very liberal,Yes,Not too important,Seldom,Seldom,Roman Catholic,0,Most of the time,"$100,000 - $119,999",Own,City,My parents and I were born in the USA but at least one of my grandparents was an immigrant,Yes,"No, no one in my household has ever been a member of a labor union",Yes,112822.0,7.9,0.22
Alaska,1965,Male,Heterosexual / straight,No,Post-grad,Yes,White,Full-time,Broadband,Broadband,Married,Republican,Very conservative,No,Somewhat important,A few times a year,Once a day,Roman Catholic,0,Most of the time,Prefer not to say,Own,Suburb,I was born in the USA but at least one of my parents is an immigrant,Yes,"No, no one in my household has ever been a member of a labor union",Yes,72556.0,9.9,1.83
Kentucky,1976,Female,Heterosexual / straight,No,Post-grad,Yes,Black,Homemaker,Broadband,,Married,Independent,Moderate,Yes,Very important,Once a week,Several times a day,Protestant,0,Most of the time,"$70,000 - $79,999",Own,City,"My parents, grandparents and I were all born in the USA",Yes,"No, no one in my household has ever been a member of a labor union",Yes,78752.0,,0.15
New Jersey,1956,Male,Heterosexual / straight,No,4-year,Yes,White,Full-time,Broadband,Broadband,Divorced,Other,Conservative,No,Very important,A few times a year,Once a day,Protestant,0,Most of the time,"$70,000 - $79,999",Rent,City,"My parents, grandparents and I were all born in the USA",Yes,"No, no one in my household has ever been a member of a labor union",Yes,95315.0,11.8,0.0
Utah,1955,Male,Heterosexual / straight,No,Post-grad,Yes,Asian,Part-time,Broadband,Broadband,Married,Democrat,Liberal,No,Not too important,Seldom,Seldom,Buddhist,0,Most of the time,"$50,000 - $59,999",Own,Town,My parents and I were born in the USA but at least one of my grandparents was an immigrant,Yes,"A member of my household was formerly a member of a labor union, but is not now",No,0.0,12.5,0.59
Missouri,1954,Female,Heterosexual / straight,No,No HS,Yes,White,Permanently disabled,Dial-up,Dial-up,Divorced,Independent,Very conservative,Yes,Very important,Never,Several times a day,Protestant,0,Most of the time,"Less than $10,000",Rent,City,"My parents, grandparents and I were all born in the USA",Yes,"No, no one in my household has ever been a member of a labor union",No,1847.0,10.9,1.43
New York,1959,Male,Heterosexual / straight,No,High school graduate,Yes,Hispanic,Full-time,Broadband,Broadband,Married,Republican,Moderate,Yes,Somewhat important,A few times a year,Seldom,Protestant,0,Most of the time,"$120,000 - $149,999",Own,Town,I was born in the USA but at least one of my parents is an immigrant,Yes,"No, no one in my household has ever been a member of a labor union",Yes,168140.0,5.3,0.43
Kentucky,1955,Female,Prefer not to say,No,High school graduate,Yes,White,Full-time,Broadband,Broadband,Married,Democrat,Moderate,No,Very important,Once a week,Once a day,Roman Catholic,1,Only now and then,"$60,000 - $69,999",Own,Town,"My parents, grandparents and I were all born in the USA",Yes,"No, no one in my household has ever been a member of a labor union",No,69445.0,6.9,0.95
California,1967,Male,Heterosexual / straight,No,Post-grad,Yes,Asian,Full-time,Broadband,Broadband,Married,Independent,Moderate,No,Not at all important,Never,Never,Agnostic,0,Hardly at all,Prefer not to say,Own,City,I am an immigrant to the USA and a naturalized citizen,Yes,"No, no one in my household has ever been a member of a labor union",Yes,53772.0,,0.0
Montana,1989,Female,Heterosexual / straight,No,High school graduate,Yes,White,Unemployed,Dial-up,,Domestic / civil partnership,Independent,Conservative,No,Not too important,Never,Never,Nothing in particular,3,Some of the time,"Less than $10,000",Other,Rural area,"My parents, grandparents and I were all born in the USA",Yes,"No, no one in my household has ever been a member of a labor union",No,26260.0,9.5,0.0
Texas,1958,Male,Heterosexual / straight,No,4-year,Yes,White,Full-time,Broadband,Broadband,Married,Independent,Conservative,No,Not too important,Seldom,A few times a month,Protestant,0,Some of the time,Prefer not to say,Rent,City,"My parents, grandparents and I were all born in the USA",Yes,"No, no one in my household has ever been a member of a labor union",Yes,95589.0,13.8,0.0
Ohio,1948,Male,Heterosexual / straight,No,4-year,Yes,White,Retired,Broadband,Broadband,Married,Democrat,Very liberal,No,Not too important,Never,Never,Protestant,0,Most of the time,Prefer not to say,Own,Town,"My parents, grandparents and I were all born in the USA",Yes,"A member of my household was formerly a member of a labor union, but is not now",Yes,49568.0,11.8,0.0
Oklahoma,1958,Female,Heterosexual / straight,No,High school graduate,Yes,White,Permanently disabled,Broadband,,Divorced,Not sure,Not sure,Yes,Somewhat important,Never,A few times a week,Mormon,0,Don't know,"Less than $10,000",Rent,City,"My parents, grandparents and I were all born in the USA",Yes,"No, no one in my household has ever been a member of a labor union",No,26305.0,16.3,1.34
Missouri,1969,Male,Heterosexual / straight,No,High school graduate,Yes,Black,Full-time,Broadband,Broadband,Married,Democrat,Moderate,No,Very important,Seldom,A few times a week,Protestant,0,Only now and then,"$60,000 - $69,999",Own,City,"My parents, grandparents and I were all born in the USA",Yes,"No, no one in my household has ever been a member of a labor union",No,82044.0,11.3,0.28
California,1988,Male,Heterosexual / straight,No,4-year,Yes,White,Full-time,Broadband,Broadband,Married,Republican,Conservative,Yes,Very important,Once a week,Once a day,Protestant,2,Some of the time,"$50,000 - $59,999",Rent,Rural area,"My parents, grandparents and I were all born in the USA",Yes,"No, no one in my household has ever been a member of a labor union",Yes,81892.0,12.1,0.0
North Carolina,1951,Male,Heterosexual / straight,No,4-year,Yes,White,Retired,Broadband,Broadband,Domestic / civil partnership,Independent,Not sure,No,Not at all important,Never,Never,Something else,0,Most of the time,"$60,000 - $69,999",Other,City,"My parents, grandparents and I were all born in the USA",Yes,"No, no one in my household has ever been a member of a labor union",No,24515.0,8.9,0.0
Tennessee,1963,Female,Heterosexual / straight,No,High school graduate,Yes,White,Unemployed,Broadband,,Divorced,Independent,Moderate,Yes,Not too important,Never,A few times a month,Protestant,0,Most of the time,"$120,000 - $149,999",Own,Rural area,"My parents, grandparents and I were all born in the USA",Yes,"No, no one in my household has ever been a member of a labor union",Yes,163138.0,13.3,0.0
Georgia,1986,Male,Heterosexual / straight,No,4-year,Yes,White,Homemaker,Broadband,,Never married,Republican,Conservative,Yes,Very important,A few times a year,Several times a day,Protestant,0,Most of the time,Prefer not to say,Other,Suburb,"My parents, grandparents and I were all born in the USA",Yes,"No, no one in my household has ever been a member of a labor union",No,9003.0,13.0,0.58
Colorado,1946,Female,Heterosexual / straight,No,High school graduate,Yes,White,Retired,Broadband,,Divorced,Independent,Conservative,Yes,Somewhat important,Seldom,Several times a day,Protestant,0,Some of the time,"$10,000 - $19,999",Own,Suburb,My parents and I were born in the USA but at least one of my grandparents was an immigrant,Yes,"No, no one in my household has ever been a member of a labor union",No,0.0,12.6,0.79
Minnesota,1941,Female,Heterosexual / straight,No,High school graduate,Yes,White,Retired,Broadband,,Married,Republican,Moderate,No,Somewhat important,Seldom,A few times a month,Protestant,0,Most of the time,"$50,000 - $59,999",Own,Suburb,My parents and I were born in the USA but at least one of my grandparents was an immigrant,Yes,"A member of my household was formerly a member of a labor union, but is not now",Yes,53975.0,16.8,0.67
Massachusetts,1990,Female,Lesbian / gay woman,No,4-year,Yes,White,Full-time,Broadband,Broadband,Never married,Independent,Conservative,No,Not at all important,Never,Never,Roman Catholic,0,Some of the time,"$100,000 - $119,999",Own,City,"My parents, grandparents and I were all born in the USA",Yes,"No, no one in my household has ever been a member of a labor union",Yes,132903.0,,0.91
North Carolina,1961,Male,Heterosexual / straight,No,Post-grad,Yes,White,Full-time,,Broadband,Married,Independent,Moderate,No,Not too important,Seldom,A few times a week,Nothing in particular,0,Most of the time,"$120,000 - $149,999",Own,Rural area,My parents and I were born in the USA but at least one of my grandparents was an immigrant,Yes,"No, no one in my household has ever been a member of a labor union",Yes,121916.0,14.6,0.31
Pennsylvania,1945,Male,Bisexual,No,Post-grad,Yes,White,Retired,Broadband,,Married,Democrat,Very liberal,Yes,Very important,Once a week,Several times a day,Protestant,0,Most of the time,"$80,000 - $99,999",Own,Suburb,"My parents, grandparents and I were all born in the USA",Yes,"No, no one in my household has ever been a member of a labor union",No,67035.0,6.2,0.31
Minnesota,1966,Female,Heterosexual / straight,No,2-year,Yes,Black,Full-time,Broadband,Broadband,Never married,Democrat,Very liberal,No,Very important,Once or twice a month,Several times a day,Nothing in particular,0,Most of the time,"$70,000 - $79,999",Own,Suburb,"My parents, grandparents and I were all born in the USA",Yes,"No, no one in my household has ever been a member of a labor union",No,88891.0,15.1,0.62
Missouri,1966,Male,Heterosexual / straight,No,Some college,Yes,White,Permanently disabled,Broadband,,Married,Independent,Liberal,No,Very important,Never,Several times a day,Something else,0,Most of the time,"$10,000 - $19,999",Own,Suburb,"My parents, grandparents and I were all born in the USA",Yes,"No, no one in my household has ever been a member of a labor union",No,0.0,14.2,2.15
Minnesota,1996,Female,Heterosexual / straight,No,4-year,Yes,White,Full-time,Broadband,Broadband,Never married,Republican,Conservative,No,Very important,More than once a week,Several times a day,Roman Catholic,0,Some of the time,"$30,000 - $39,999",Rent,City,"My parents, grandparents and I were all born in the USA",Yes,"No, no one in my household has ever been a member of a labor union",Yes,35358.0,11.1,1.09
Virginia,1959,Female,Heterosexual / straight,No,Post-grad,Yes,White,Full-time,Broadband,Broadband,Domestic / civil partnership,Republican,Very conservative,No,Somewhat important,Never,Several times a day,Protestant,0,Most of the time,"$250,000 - $349,999",Own,Suburb,My parents and I were born in the USA but at least one of my grandparents was an immigrant,Yes,"No, no one in my household has ever been a member of a labor union",No,266690.0,11.0,0.2
New York,1936,Male,Heterosexual / straight,No,Some college,Yes,White,Retired,Broadband,,Divorced,Democrat,Liberal,No,Not too important,Seldom,A few times a month,Roman Catholic,0,Most of the time,"$60,000 - $69,999",Rent,Town,My parents and I were born in the USA but at least one of my grandparents was an immigrant,Yes,"A member of my household was formerly a member of a labor union, but is not now",No,70261.0,11.9,0.94
Colorado,1994,Female,Bisexual,No,High school graduate,Yes,White,Full-time,Broadband,,Never married,Democrat,Liberal,No,Very important,Seldom,A few times a month,Something else,0,Only now and then,"Less than $10,000",Own,Suburb,"My parents, grandparents and I were all born in the USA",Yes,"No, no one in my household has ever been a member of a labor union",No,0.0,11.5,0.54
California,1941,Female,Heterosexual / straight,No,Some college,Yes,White,Retired,Broadband,,Married,Republican,Very conservative,Yes,Very important,Once a week,Once a day,Protestant,0,Most of the time,Prefer not to say,Own,Suburb,My parents and I were born in the USA but at least one of my grandparents was an immigrant,Yes,"No, no one in my household has ever been a member of a labor union",No,70091.0,20.3,0.45
California,1962,Female,Heterosexual / straight,No,High school graduate,Yes,White,Retired,Broadband,,Married,Independent,Conservative,Yes,Very important,A few times a year,Once a day,Nothing in particular,0,Only now and then,"$10,000 - $19,999",Rent,Suburb,"My parents, grandparents and I were all born in the USA",Yes,"No, no one in my household has ever been a member of a labor union",No,0.0,14.0,0.08
Connecticut,1977,Male,Heterosexual / straight,No,4-year,No,Hispanic,Full-time,Broadband,Broadband,Married,Republican,Conservative,Yes,Very important,Once a week,Several times a day,Protestant,3,Some of the time,"$70,000 - $79,999",Rent,Suburb,"My parents, grandparents and I were all born in the USA",Yes,"No, no one in my household has ever been a member of a labor union",No,73161.0,,1.41
Washington,1957,Male,Heterosexual / straight,No,4-year,Yes,White,Retired,Broadband,,Married,Democrat,Liberal,No,Not at all important,Seldom,Seldom,Nothing in particular,0,Most of the time,"$150,000 - $199,999",Rent,City,"My parents, grandparents and I were all born in the USA",Yes,"No, no one in my household has ever been a member of a labor union",Yes,212428.0,12.9,0.71
Georgia,1961,Male,Gay man,No,4-year,Yes,White,Full-time,Broadband,Broadband,Domestic / civil partnership,Independent,Moderate,No,Not too important,Seldom,Once a day,Nothing in particular,0,Most of the time,"$80,000 - $99,999",Own,City,"My parents, grandparents and I were all born in the USA",Yes,"No, no one in my household has ever been a member of a labor union",Yes,76057.0,11.2,0.0
Kansas,1980,Male,Heterosexual / straight,No,2-year,Yes,Black,Part-time,Broadband,Broadband,Never married,Democrat,Liberal,No,Somewhat important,Never,Never,Protestant,0,Most of the time,"$20,000 - $29,999",Rent,City,"My parents, grandparents and I were all born in the USA",Yes,"No, no one in my household has ever been a member of a labor union",No,49062.0,10.9,0.13
South Carolina,1980,Female,Heterosexual / straight,No,4-year,Yes,White,Full-time,Broadband,Broadband,Married,Republican,Liberal,No,Very important,Once a week,A few times a week,Protestant,2,Only now and then,"$60,000 - $69,999",Own,Rural area,My parents and I were born in the USA but at least one of my grandparents was an immigrant,Yes,"No, no one in my household has ever been a member of a labor union",Yes,85784.0,17.9,0.33
Delaware,1959,Male,Heterosexual / straight,No,High school graduate,Yes,White,Permanently disabled,Broadband,,Married,Republican,Conservative,Yes,Very important,Once or twice a month,A few times a week,Nothing in particular,0,Some of the time,"$30,000 - $39,999",Own,Suburb,"My parents, grandparents and I were all born in the USA",Yes,"No, no one in my household has ever been a member of a labor union",No,25456.0,24.2,0.39
New York,1986,Male,Heterosexual / straight,No,High school graduate,Yes,White,Full-time,Broadband,,Never married,Democrat,Conservative,No,Somewhat important,A few times a year,Once a week,Roman Catholic,0,Some of the time,"$80,000 - $99,999",Rent,Suburb,"My parents, grandparents and I were all born in the USA",Yes,"Yes, a member of my household is currently a union member",No,71610.0,,0.75
Indiana,1957,Female,Heterosexual / straight,No,High school graduate,Yes,White,Part-time,Broadband,,Married,Republican,Very conservative,Yes,Very important,Once or twice a month,Several times a day,Protestant,0,Some of the time,Prefer not to say,Own,Suburb,"My parents, grandparents and I were all born in the USA",Yes,"A member of my household was formerly a member of a labor union, but is not now",Yes,50780.0,6.2,1.51
Virginia,1993,Male,Gay man,No,Some college,Yes,White,Part-time,Broadband,Broadband,Never married,Republican,Conservative,No,Not at all important,Never,Never,Atheist,0,Some of the time,"$10,000 - $19,999",Own,Suburb,"My parents, grandparents and I were all born in the USA",Yes,"No, no one in my household has ever been a member of a labor union",No,0.0,11.0,0.0
New York,1958,Female,Heterosexual / straight,No,4-year,Yes,White,Permanently disabled,Broadband,,Domestic / civil partnership,Democrat,Liberal,No,Very important,Once or twice a month,Several times a day,Protestant,0,Some of the time,"$10,000 - $19,999",Rent,City,"My parents, grandparents and I were all born in the USA",Yes,"No, no one in my household has ever been a member of a labor union",No,10154.0,5.8,1.17
Idaho,1966,Male,Heterosexual / straight,No,4-year,Yes,White,Full-time,Broadband,,Married,Republican,Very conservative,Yes,Very important,Seldom,Several times a day,Nothing in particular,2,Most of the time,"$70,000 - $79,999",Own,City,My parents and I were born in the USA but at least one of my grandparents was an immigrant,Yes,"No, no one in my household has ever been a member of a labor union",No,84850.0,8.2,0.1
Massachusetts,1958,Male,Prefer not to say,No,4-year,Yes,Asian,Full-time,Broadband,Broadband,Divorced,Other,Not sure,No,Not at all important,Never,Never,Atheist,0,Some of the time,Prefer not to say,Own,Suburb,I was born in the USA but at least one of my parents is an immigrant,Yes,"No, no one in my household has ever been a member of a labor union",Yes,84052.0,17.2,0.0
Arizona,1932,Male,Heterosexual / straight,No,4-year,Yes,White,Retired,Broadband,,Widowed,Independent,Moderate,No,Not at all important,Never,Seldom,Agnostic,0,Most of the time,"$30,000 - $39,999",Rent,Suburb,My parents and I were born in the USA but at least one of my grandparents was an immigrant,Yes,"No, no one in my household has ever been a member of a labor union",Yes,47410.0,12.0,0.43
Pennsylvania,1961,Female,Heterosexual / straight,No,High school graduate,Yes,White,Retired,Broadband,,Married,Republican,Conservative,Yes,Very important,Once a week,Several times a day,Protestant,0,Most of the time,"$80,000 - $99,999",Own,Rural area,"My parents, grandparents and I were all born in the USA",Yes,"Yes, a member of my household is currently a union member",Yes,98711.0,15.6,0.65
Florida,1956,Male,Heterosexual / straight,No,High school graduate,Yes,White,Permanently disabled,Broadband,,Married,Democrat,Very liberal,No,Not at all important,Never,Seldom,Protestant,0,Most of the time,"$70,000 - $79,999",Own,Suburb,My parents and I were born in the USA but at least one of my grandparents was an immigrant,Yes,"No, no one in my household has ever been a member of a labor union",No,44751.0,12.2,0.78
Missouri,1965,Male,Heterosexual / straight,No,Post-grad,Yes,White,Full-time,Broadband,Broadband,Divorced,Independent,Moderate,No,Somewhat important,A few times a year,A few times a week,Protestant,0,Most of the time,"$70,000 - $79,999",Own,Rural area,"My parents, grandparents and I were all born in the USA",Yes,"No, no one in my household has ever been a member of a labor union",No,91889.0,12.0,0.0
Colorado,1967,Female,Heterosexual / straight,No,Some college,Yes,White,Full-time,,Broadband,Divorced,Other,Very conservative,Yes,Very important,More than once a week,Several times a day,Protestant,0,Only now and then,"$20,000 - $29,999",Rent,City,"My parents, grandparents and I were all born in the USA",Yes,"No, no one in my household has ever been a member of a labor union",No,29180.0,,0.76
Alabama,1996,Female,Heterosexual / straight,No,4-year,Yes,Asian,Student,Broadband,Broadband,Never married,Democrat,Very liberal,No,Somewhat important,A few times a year,A few times a month,Muslim,0,Some of the time,"$120,000 - $149,999",Own,Suburb,I was born in the USA but at least one of my parents is an immigrant,Yes,"No, no one in my household has ever been a member of a labor union",Yes,143495.0,3.4,0.3
California,1977,Male,Heterosexual / straight,No,Post-grad,Yes,White,Full-time,Broadband,Broadband,Married,Independent,Liberal,No,Not at all important,Never,Never,Atheist,2,Some of the time,"$150,000 - $199,999",Own,Suburb,"My parents, grandparents and I were all born in the USA",Yes,"No, no one in my household has ever been a member of a labor union",Yes,182659.0,10.7,0.49
Pennsylvania,1963,Female,Heterosexual / straight,No,No HS,Yes,White,Retired,Broadband,Broadband,Married,Other,Liberal,No,Not at all important,Never,Never,Nothing in particular,0,Most of the time,"$50,000 - $59,999",Own,Rural area,My parents and I were born in the USA but at least one of my grandparents was an immigrant,Yes,"No, no one in my household has ever been a member of a labor union",No,29543.0,15.0,0.0
New York,1958,Female,Heterosexual / straight,No,4-year,Yes,White,Other,Broadband,Broadband,Widowed,Other,Very liberal,No,Not at all important,Never,Never,Atheist,0,Most of the time,"$10,000 - $19,999",Rent,City,My parents and I were born in the USA but at least one of my grandparents was an immigrant,Yes,"A member of my household was formerly a member of a labor union, but is not now",No,0.0,13.0,1.43
Maine,1973,Female,Heterosexual / straight,No,4-year,Yes,White,Full-time,Broadband,Broadband,Divorced,Democrat,Very liberal,No,Not too important,Seldom,Seldom,Agnostic,0,Most of the time,Prefer not to say,Rent,City,I was born in the USA but at least one of my parents is an immigrant,Yes,"Yes, a member of my household is currently a union member",Yes,86882.0,6.2,0.38
Massachusetts,1974,Female,Lesbian / gay woman,No,4-year,Yes,White,Part-time,Broadband,Broadband,Never married,Democrat,Very liberal,No,Not too important,Seldom,A few times a week,Nothing in particular,0,Most of the time,"$20,000 - $29,999",Rent,Suburb,My parents and I were born in the USA but at least one of my grandparents was an immigrant,Yes,"Yes, a member of my household is currently a union member",No,49036.0,,0.0
Missouri,1964,Female,Heterosexual / straight,No,2-year,Yes,White,Full-time,Broadband,Broadband,Married,Democrat,Liberal,No,Not too important,Never,Seldom,Nothing in particular,0,Some of the time,"$80,000 - $99,999",Own,Rural area,My parents and I were born in the USA but at least one of my grandparents was an immigrant,Yes,"No, no one in my household has ever been a member of a labor union",Yes,114265.0,16.9,0.0
Florida,1986,Male,Bisexual,No,High school graduate,Yes,White,Unemployed,Broadband,Broadband,Never married,Republican,Very conservative,No,Somewhat important,A few times a year,A few times a week,Jewish,0,Some of the time,"$20,000 - $29,999",Rent,City,"My parents, grandparents and I were all born in the USA",Yes,"No, no one in my household has ever been a member of a labor union",No,41585.0,10.4,0.46
Florida,1990,Male,Heterosexual / straight,No,4-year,Yes,White,Full-time,Broadband,Broadband,Never married,Independent,Moderate,No,Not at all important,Never,Never,Agnostic,0,Some of the time,"$80,000 - $99,999",Rent,Suburb,My parents and I were born in the USA but at least one of my grandparents was an immigrant,Yes,"No, no one in my household has ever been a member of a labor union",Yes,99371.0,6.3,0.0
Missouri,1974,Male,Heterosexual / straight,No,Some college,Yes,Hispanic,Full-time,Broadband,Broadband,Separated,Independent,Moderate,No,Somewhat important,Seldom,Seldom,Protestant,0,Most of the time,"$60,000 - $69,999",Own,Suburb,My parents and I were born in the USA but at least one of my grandparents was an immigrant,Yes,"A member of my household was formerly a member of a labor union, but is not now",No,59278.0,8.0,0.89
North Carolina,1961,Male,Heterosexual / straight,No,Post-grad,Yes,White,Full-time,Broadband,Broadband,Divorced,Independent,Conservative,No,Somewhat important,Seldom,Seldom,Jewish,0,Most of the time,"$100,000 - $119,999",Own,Suburb,I was born in the USA but at least one of my parents is an immigrant,Yes,"No, no one in my household has ever been a member of a labor union",Yes,73534.0,11.8,0.02
Nevada,1954,Male,Heterosexual / straight,No,High school graduate,Yes,White,Retired,Broadband,,Married,Independent,Liberal,No,Not too important,Seldom,Seldom,Nothing in particular,0,Some of the time,"$80,000 - $99,999",Own,Suburb,"My parents, grandparents and I were all born in the USA",Yes,"A member of my household was formerly a member of a labor union, but is not now",No,53194.0,5.7,0.57
Texas,1995,Male,Heterosexual / straight,No,High school graduate,Yes,Mixed,Full-time,Broadband,Broadband,Never married,Democrat,Liberal,No,Not too important,Seldom,Seldom,Nothing in particular,0,Only now and then,"$10,000 - $19,999",Rent,Town,I was born in the USA but at least one of my parents is an immigrant,Yes,"No, no one in my household has ever been a member of a labor union",No,0.0,5.5,0.0
Vermont,1949,Male,Heterosexual / straight,No,Some college,Yes,White,Permanently disabled,Broadband,,Married,Democrat,Very liberal,No,Not at all important,Never,Never,Nothing in particular,0,Most of the time,"$40,000 - $49,999",Own,Rural area,"My parents, grandparents and I were all born in the USA",Yes,"No, no one in my household has ever been a member of a labor union",Yes,62324.0,10.8,0.0
Michigan,1968,Female,Heterosexual / straight,No,2-year,Yes,White,Full-time,Broadband,Broadband,Married,Independent,Moderate,No,Not at all important,Never,Seldom,Nothing in particular,0,Most of the time,"$60,000 - $69,999",Own,Suburb,"My parents, grandparents and I were all born in the USA",Yes,"A member of my household was formerly a member of a labor union, but is not now",No,89057.0,5.6,0.79
Oregon,1981,Female,Heterosexual / straight,No,2-year,Yes,Mixed,Other,Broadband,,Domestic / civil partnership,Other,Moderate,No,Not too important,Never,Never,Protestant,0,Most of the time,"$10,000 - $19,999",Own,Rural area,"My parents, grandparents and I were all born in the USA",Yes,"A member of my household was formerly a member of a labor union, but is not now",No,19887.0,15.1,0.0
Florida,1958,Female,Heterosexual / straight,No,High school graduate,Yes,White,Full-time,Broadband,Broadband,Married,Independent,Conservative,No,Somewhat important,Never,Once a week,Roman Catholic,0,Only now and then,"$50,000 - $59,999",Rent,Suburb,My parents and I were born in the USA but at least one of my grandparents was an immigrant,Yes,"No, no one in my household has ever been a member of a labor union",No,53278.0,12.3,0.18
Michigan,1957,Male,Heterosexual / straight,No,2-year,Yes,White,Permanently disabled,Broadband,,Widowed,Republican,Moderate,Yes,Somewhat important,A few times a year,A few times a week,Nothing in particular,0,Most of the time,Prefer not to say,Own,Suburb,My parents and I were born in the USA but at least one of my grandparents was an immigrant,Yes,"No, no one in my household has ever been a member of a labor union",No,69234.0,15.0,0.2
New Jersey,1959,Female,Heterosexual / straight,No,High school graduate,Yes,White,Retired,Broadband,,Married,Independent,Moderate,No,Very important,A few times a year,Several times a day,Roman Catholic,0,Some of the time,"$60,000 - $69,999",Own,Suburb,My parents and I were born in the USA but at least one of my grandparents was an immigrant,Yes,"Yes, a member of my household is currently a union member",No,65505.0,21.3,0.47
Kentucky,1986,Male,Heterosexual / straight,Prefer not to say,Some college,Yes,White,Full-time,Broadband,Broadband,Married,Republican,Very conservative,Yes,Very important,Once a week,Several times a day,Nothing in particular,1,Don't know,"$30,000 - $39,999",Rent,Suburb,"My parents, grandparents and I were all born in the USA",Yes,"No, no one in my household has ever been a member of a labor union",No,11416.0,,0.0
Texas,1964,Female,Heterosexual / straight,No,High school graduate,Yes,White,Full-time,Broadband,Broadband,Married,Republican,Conservative,Yes,Very important,Once or twice a month,A few times a month,Roman Catholic,1,Some of the time,"$200,000 - $249,999",Own,Suburb,"My parents, grandparents and I were all born in the USA",Yes,"No, no one in my household has ever been a member of a labor union",Yes,209816.0,7.4,0.0
Georgia,1948,Male,Heterosexual / straight,No,4-year,Yes,White,Retired,Broadband,,Married,Independent,Liberal,No,Very important,Once a week,A few times a week,Protestant,0,Most of the time,"$80,000 - $99,999",Own,Suburb,"My parents, grandparents and I were all born in the USA",Yes,"No, no one in my household has ever been a member of a labor union",Yes,117610.0,20.3,0.0
Massachusetts,1964,Male,Heterosexual / straight,No,Some college,Yes,White,Permanently disabled,Broadband,,Never married,Independent,Moderate,No,Very important,Once a week,Several times a day,Roman Catholic,0,Some of the time,"$20,000 - $29,999",Rent,City,"My parents, grandparents and I were all born in the USA",Yes,"No, no one in my household has ever been a member of a labor union",No,35690.0,,1.04
Texas,1994,Male,Heterosexual / straight,No,4-year,Yes,White,Full-time,Broadband,Broadband,Never married,Independent,Moderate,No,Not too important,Once or twice a month,Never,Roman Catholic,0,Most of the time,"$40,000 - $49,999",Own,Suburb,"My parents, grandparents and I were all born in the USA",Yes,"No, no one in my household has ever been a member of a labor union",Yes,85542.0,6.9,0.0
Texas,1984,Female,Heterosexual / straight,No,4-year,Yes,Hispanic,Full-time,Broadband,Broadband,Married,Republican,Conservative,No,Very important,Once a week,Once a day,Roman Catholic,2,Some of the time,"$50,000 - $59,999",Own,Suburb,I was born in the USA but at least one of my parents is an immigrant,Yes,"No, no one in my household has ever been a member of a labor union",No,53427.0,5.1,1.0
Utah,1949,Female,Heterosexual / straight,No,Post-grad,Yes,White,Retired,Broadband,,Divorced,Democrat,Very liberal,No,Somewhat important,Seldom,A few times a week,Roman Catholic,0,Most of the time,"$70,000 - $79,999",Own,Suburb,"My parents, grandparents and I were all born in the USA",Yes,"No, no one in my household has ever been a member of a labor union",Yes,54628.0,5.5,0.0
California,1992,Female,Heterosexual / straight,No,Some college,Yes,White,Homemaker,Broadband,Broadband,Married,Republican,Very conservative,No,Somewhat important,Seldom,Several times a day,Nothing in particular,3,Only now and then,"$100,000 - $119,999",Own,Suburb,"My parents, grandparents and I were all born in the USA",Yes,"No, no one in my household has ever been a member of a labor union",Yes,145181.0,5.4,1.28
North Carolina,1989,Male,Bisexual,No,4-year,Yes,White,Full-time,Broadband,Broadband,Never married,Independent,Very liberal,No,Not at all important,Never,Never,Atheist,0,Most of the time,"$70,000 - $79,999",Rent,City,"My parents, grandparents and I were all born in the USA",Yes,"No, no one in my household has ever been a member of a labor union",No,53805.0,8.1,0.0
California,1972,Male,Gay man,No,4-year,Yes,White,Full-time,Broadband,Broadband,Never married,Democrat,Very liberal,No,Not at all important,Seldom,Never,Agnostic,0,Most of the time,"$80,000 - $99,999",Own,City,"My parents, grandparents and I were all born in the USA",Yes,"No, no one in my household has ever been a member of a labor union",Yes,84536.0,1.1,0.0
Wisconsin,1996,Female,Lesbian / gay woman,No,Some college,Yes,White,Student,,,Never married,Other,Very liberal,No,Somewhat important,Never,Never,Buddhist,0,Only now and then,"$80,000 - $99,999",Other,Town,My parents and I were born in the USA but at least one of my grandparents was an immigrant,Yes,"Yes, a member of my household is currently a union member",No,31877.0,8.2,0.48
Ohio,1976,Male,Heterosexual / straight,No,4-year,Yes,White,Full-time,Broadband,Broadband,Married,Democrat,Liberal,No,Somewhat important,Once a week,A few times a week,Roman Catholic,0,Most of the time,"$150,000 - $199,999",Own,Suburb,"My parents, grandparents and I were all born in the USA",Yes,"A member of my household was formerly a member of a labor union, but is not now",Yes,188394.0,6.1,1.09
Florida,1982,Male,Heterosexual / straight,No,4-year,Yes,White,Full-time,Broadband,Broadband,Never married,Republican,Very conservative,Yes,Very important,Once a week,Once a day,Protestant,1,Most of the time,"$50,000 - $59,999",Own,City,"My parents, grandparents and I were all born in the USA",Yes,"No, no one in my household has ever been a member of a labor union",Yes,65640.0,18.2,0.0
New York,1956,Female,Heterosexual / straight,No,2-year,Yes,White,Homemaker,Broadband,,Married,Republican,Very conservative,Yes,Very important,More than once a week,Several times a day,Protestant,0,Most of the time,"$30,000 - $39,999",Own,Rural area,"My parents, grandparents and I were all born in the USA",Yes,"No, no one in my household has ever been a member of a labor union",Yes,60866.0,,1.68
Georgia,1966,Female,Heterosexual / straight,No,High school graduate,Yes,White,Homemaker,Broadband,,Married,Republican,Very conservative,Yes,Very important,Seldom,Several times a day,Protestant,0,Most of the time,Prefer not to say,Own,Rural area,"My parents, grandparents and I were all born in the USA",Yes,"No, no one in my household has ever been a member of a labor union",No,115500.0,,0.0
Washington,1957,Male,Heterosexual / straight,No,4-year,Yes,White,Part-time,Broadband,Broadband,Divorced,Democrat,Liberal,No,Somewhat important,Once or twice a month,Once a week,Protestant,0,Most of the time,"$20,000 - $29,999",Rent,Suburb,"My parents, grandparents and I were all born in the USA",Yes,"No, no one in my household has ever been a member of a labor union",No,0.0,1.0,0.46
North Dakota,1959,Female,Prefer not to say,No,High school graduate,No,White,Retired,Broadband,Broadband,Married,Republican,Conservative,No,Very important,Seldom,Several times a day,Protestant,0,Some of the time,"$30,000 - $39,999",Own,Rural area,"My parents, grandparents and I were all born in the USA",Yes,"No, no one in my household has ever been a member of a labor union",Yes,55024.0,17.0,0.93
Pennsylvania,1958,Female,Heterosexual / straight,No,High school graduate,Yes,White,Full-time,Broadband,Broadband,Married,Democrat,Conservative,No,Very important,A few times a year,Several times a day,Roman Catholic,0,Most of the time,"$80,000 - $99,999",Own,Suburb,"My parents, grandparents and I were all born in the USA",Yes,"No, no one in my household has ever been a member of a labor union",Yes,136249.0,9.5,0.97
Indiana,1967,Female,Bisexual,No,4-year,Yes,White,Full-time,Broadband,Broadband,Never married,Democrat,Very liberal,No,Not too important,Never,Never,Protestant,0,Most of the time,"$40,000 - $49,999",Rent,City,"My parents, grandparents and I were all born in the USA",Yes,"No, no one in my household has ever been a member of a labor union",Yes,25069.0,10.1,0.24
Texas,1968,Female,Heterosexual / straight,No,Some college,Yes,White,Homemaker,Broadband,,Married,Independent,Liberal,No,Somewhat important,A few times a year,A few times a week,Nothing in particular,1,Most of the time,"$40,000 - $49,999",Own,City,"My parents, grandparents and I were all born in the USA",Yes,"No, no one in my household has ever been a member of a labor union",No,44695.0,13.5,0.23
California,1957,Female,Heterosexual / straight,No,4-year,Yes,White,Full-time,Broadband,Broadband,Married,Democrat,Liberal,No,Not at all important,Seldom,Seldom,Something else,0,Most of the time,"$80,000 - $99,999",Rent,City,My parents and I were born in the USA but at least one of my grandparents was an immigrant,Yes,"A member of my household was formerly a member of a labor union, but is not now",No,115066.0,6.2,0.35
Maryland,1955,Male,Heterosexual / straight,No,Post-grad,Yes,White,Full-time,Broadband,Broadband,Married,Republican,Moderate,Yes,Very important,Once a week,Several times a day,Protestant,0,Some of the time,"$120,000 - $149,999",Rent,City,"My parents, grandparents and I were all born in the USA",Yes,"No, no one in my household has ever been a member of a labor union",Yes,88338.0,5.9,0.0
California,1940,Male,Heterosexual / straight,No,4-year,Yes,White,Retired,Broadband,,Widowed,Republican,Conservative,Yes,Not too important,Seldom,A few times a week,Mormon,0,Most of the time,"$120,000 - $149,999",Own,City,"My parents, grandparents and I were all born in the USA",Yes,"No, no one in my household has ever been a member of a labor union",Yes,133179.0,11.5,0.0
Virginia,1970,Female,Heterosexual / straight,No,Post-grad,Yes,White,Full-time,Broadband,Broadband,Never married,Democrat,Liberal,No,Somewhat important,Once or twice a month,Seldom,Jewish,1,Most of the time,"$80,000 - $99,999",Own,Suburb,I was born in the USA but at least one of my parents is an immigrant,Yes,"No, no one in my household has ever been a member of a labor union",Yes,111460.0,14.5,1.21
New Jersey,1990,Female,Heterosexual / straight,No,Some college,No,Hispanic,Part-time,Broadband,Broadband,Married,Democrat,Liberal,No,Not at all important,Never,Never,Nothing in particular,0,Most of the time,"$50,000 - $59,999",Own,Town,"My parents, grandparents and I were all born in the USA",Yes,"No, no one in my household has ever been a member of a labor union",No,36436.0,20.3,0.39
Michigan,1965,Male,Heterosexual / straight,No,High school graduate,Yes,White,Permanently disabled,Broadband,,Married,Democrat,Liberal,No,Not too important,Seldom,Seldom,Nothing in particular,0,Most of the time,"$30,000 - $39,999",Own,City,"My parents, grandparents and I were all born in the USA",Yes,"Yes, a member of my household is currently a union member",No,35434.0,14.0,1.16
Texas,1967,Male,Heterosexual / straight,No,2-year,Yes,White,Full-time,Broadband,Broadband,Married,Other,Conservative,Yes,Somewhat important,Seldom,A few times a week,Protestant,2,Most of the time,"$80,000 - $99,999",Own,Suburb,"My parents, grandparents and I were all born in the USA",Yes,"No, no one in my household has ever been a member of a labor union",Yes,74034.0,4.9,0.0
Illinois,1993,Female,Heterosexual / straight,No,Some college,Yes,White,Full-time,Broadband,Broadband,Never married,Republican,Very conservative,Yes,Very important,Once a week,Several times a day,Protestant,0,Some of the time,"$30,000 - $39,999",Rent,Suburb,"My parents, grandparents and I were all born in the USA",Yes,"No, no one in my household has ever been a member of a labor union",No,25142.0,11.9,1.41
Illinois,1961,Male,Heterosexual / straight,No,4-year,Yes,White,Full-time,Broadband,Broadband,Divorced,Republican,Very conservative,No,Very important,Once a week,Several times a day,Roman Catholic,0,Most of the time,"$40,000 - $49,999",Own,Suburb,"My parents, grandparents and I were all born in the USA",Yes,"No, no one in my household has ever been a member of a labor union",Yes,65085.0,3.9,0.11
Texas,1934,Male,Heterosexual / straight,No,Post-grad,Yes,White,Retired,Broadband,,Married,Independent,Moderate,No,Not too important,Seldom,Seldom,Protestant,0,Some of the time,"$50,000 - $59,999",Own,Suburb,"My parents, grandparents and I were all born in the USA",Yes,"A member of my household was formerly a member of a labor union, but is not now",Yes,61658.0,18.5,0.84
Florida,1964,Female,Heterosexual / straight,No,High school graduate,Yes,White,Homemaker,Broadband,,Married,Republican,Moderate,Yes,Very important,More than once a week,Several times a day,Protestant,0,Hardly at all,"$20,000 - $29,999",Rent,City,"My parents, grandparents and I were all born in the USA",Yes,"No, no one in my household has ever been a member of a labor union",No,32871.0,11.8,0.12
Ohio,1965,Male,Heterosexual / straight,No,2-year,Yes,White,Full-time,Broadband,Broadband,Married,Democrat,Moderate,No,Not too important,Seldom,Seldom,Protestant,0,Most of the time,"$120,000 - $149,999",Own,Town,"My parents, grandparents and I were all born in the USA",Yes,"Yes, a member of my household is currently a union member",Yes,152360.0,5.3,0.14
Louisiana,1965,Female,Heterosexual / straight,No,2-year,Yes,Black,Homemaker,Broadband,,Married,Democrat,Very conservative,No,Very important,Once a week,Once a day,Roman Catholic,0,Hardly at all,"$20,000 - $29,999",Own,Suburb,"My parents, grandparents and I were all born in the USA",Yes,"No, no one in my household has ever been a member of a labor union",No,0.0,13.4,0.0
New Jersey,1969,Male,Gay man,No,4-year,Yes,White,Full-time,Broadband,,Never married,Independent,Liberal,No,Not at all important,Never,Never,Atheist,0,Most of the time,"$200,000 - $249,999",Own,Suburb,"My parents, grandparents and I were all born in the USA",Yes,"No, no one in my household has ever been a member of a labor union",Yes,208881.0,10.6,0.07
Oregon,1978,Male,Heterosexual / straight,No,4-year,Yes,White,Full-time,Broadband,Broadband,Married,Other,Very conservative,Yes,Very important,Once a week,Several times a day,Protestant,5,Most of the time,"$100,000 - $119,999",Own,Suburb,"My parents, grandparents and I were all born in the USA",Yes,"No, no one in my household has ever been a member of a labor union",Yes,139686.0,12.4,0.91
Pennsylvania,1982,Male,Heterosexual / straight,No,4-year,Yes,White,Full-time,Broadband,Broadband,Married,Democrat,Liberal,No,Not at all important,Never,Never,Atheist,0,Most of the time,"$120,000 - $149,999",Own,City,"My parents, grandparents and I were all born in the USA",Yes,"No, no one in my household has ever been a member of a labor union",Yes,142506.0,11.3,0.07
Massachusetts,1979,Female,Heterosexual / straight,No,2-year,Yes,Hispanic,Full-time,Broadband,Broadband,Never married,Independent,Moderate,No,Somewhat important,A few times a year,Once a day,Roman Catholic,3,Some of the time,"$30,000 - $39,999",Rent,City,I was born in the USA but at least one of my parents is an immigrant,Yes,"No, no one in my household has ever been a member of a labor union",No,77166.0,,0.13
Oregon,1978,Female,Heterosexual / straight,No,High school graduate,Yes,White,Homemaker,Broadband,,Married,Independent,Moderate,No,Somewhat important,Once or twice a month,A few times a week,Roman Catholic,2,Hardly at all,"$40,000 - $49,999",Own,Suburb,I was born in the USA but at least one of my parents is an immigrant,Yes,"No, no one in my household has ever been a member of a labor union",No,56745.0,14.9,1.87
California,1946,Female,Heterosexual / straight,No,High school graduate,Yes,White,Retired,Broadband,,Widowed,Democrat,Very liberal,No,Not at all important,Never,Seldom,Agnostic,0,Most of the time,"$10,000 - $19,999",Rent,Suburb,My parents and I were born in the USA but at least one of my grandparents was an immigrant,Yes,"No, no one in my household has ever been a member of a labor union",No,0.0,14.1,0.46
Virginia,1960,Male,Heterosexual / straight,No,Post-grad,Yes,White,Full-time,Broadband,Broadband,Married,Republican,Conservative,Yes,Very important,Once a week,Several times a day,Protestant,0,Some of the time,"$80,000 - $99,999",Own,Suburb,"My parents, grandparents and I were all born in the USA",Yes,"No, no one in my household has ever been a member of a labor union",Yes,103236.0,5.1,1.33
Florida,1951,Male,Heterosexual / straight,No,Some college,Yes,White,Retired,Broadband,,Divorced,Democrat,Very liberal,No,Not at all important,Seldom,Never,Atheist,0,Most of the time,"$20,000 - $29,999",Own,City,My parents and I were born in the USA but at least one of my grandparents was an immigrant,Yes,"No, no one in my household has ever been a member of a labor union",No,17383.0,12.5,0.55
Georgia,1989,Female,Heterosexual / straight,No,4-year,Yes,White,Unemployed,Broadband,Broadband,Married,Democrat,Liberal,No,Not too important,Never,Seldom,Nothing in particular,0,Some of the time,"$20,000 - $29,999",Rent,Suburb,"My parents, grandparents and I were all born in the USA",Yes,"No, no one in my household has ever been a member of a labor union",No,18983.0,,0.12
Alabama,1962,Male,Heterosexual / straight,No,2-year,Yes,White,Part-time,Broadband,Broadband,Divorced,Republican,Very conservative,Yes,Very important,Once or twice a month,Once a day,Protestant,0,Most of the time,"$10,000 - $19,999",Own,Rural area,"My parents, grandparents and I were all born in the USA",Yes,"No, no one in my household has ever been a member of a labor union",Yes,8652.0,7.9,0.12
Texas,1957,Male,Heterosexual / straight,No,High school graduate,Yes,White,Full-time,Broadband,Broadband,Married,Independent,Conservative,No,Very important,Never,Don't know,Agnostic,0,Most of the time,Prefer not to say,Own,Rural area,"My parents, grandparents and I were all born in the USA",Yes,"No, no one in my household has ever been a member of a labor union",No,74868.0,13.7,0.0
New York,1944,Female,Heterosexual / straight,No,High school graduate,Yes,White,Retired,Broadband,,Married,Democrat,Moderate,No,Somewhat important,Once a week,Once a day,Roman Catholic,0,Most of the time,"$50,000 - $59,999",Own,Suburb,My parents and I were born in the USA but at least one of my grandparents was an immigrant,Yes,"Yes, a member of my household is currently a union member",No,68941.0,12.8,1.66
New Jersey,1955,Female,Heterosexual / straight,No,High school graduate,Yes,White,Full-time,Broadband,Broadband,Married,Republican,Conservative,No,Very important,Once or twice a month,A few times a month,Roman Catholic,0,Some of the time,"$150,000 - $199,999",Own,City,My parents and I were born in the USA but at least one of my grandparents was an immigrant,Yes,"Yes, a member of my household is currently a union member",No,174475.0,9.5,1.88
Texas,1988,Female,Prefer not to say,Prefer not to say,High school graduate,Yes,Hispanic,Full-time,,,Never married,Republican,Very conservative,No,Very important,Once or twice a month,Seldom,Roman Catholic,0,Most of the time,"$30,000 - $39,999",Rent,City,My parents and I were born in the USA but at least one of my grandparents was an immigrant,Yes,"No, no one in my household has ever been a member of a labor union",No,0.0,14.8,0.41
Texas,1941,Female,Heterosexual / straight,No,4-year,Yes,White,Retired,Broadband,,Divorced,Democrat,Moderate,No,Not too important,Seldom,Several times a day,Roman Catholic,0,Most of the time,"$30,000 - $39,999",Rent,Suburb,My parents and I were born in the USA but at least one of my grandparents was an immigrant,Yes,"No, no one in my household has ever been a member of a labor union",Yes,66072.0,13.3,0.17
Wisconsin,1972,Female,Heterosexual / straight,No,4-year,Yes,White,Homemaker,Broadband,,Married,Democrat,Conservative,No,Somewhat important,Seldom,A few times a month,Protestant,1,Hardly at all,"$80,000 - $99,999",Rent,Suburb,"My parents, grandparents and I were all born in the USA",Yes,"No, no one in my household has ever been a member of a labor union",Yes,76165.0,12.0,0.0
North Carolina,1967,Male,Heterosexual / straight,No,4-year,Yes,Black,Full-time,Broadband,Broadband,Married,Independent,Conservative,Yes,Very important,More than once a week,Several times a day,Nothing in particular,0,Some of the time,"$80,000 - $99,999",Own,Suburb,"My parents, grandparents and I were all born in the USA",Yes,"No, no one in my household has ever been a member of a labor union",No,82151.0,10.0,0.0
California,1972,Female,Heterosexual / straight,No,4-year,Yes,Hispanic,Part-time,Broadband,Broadband,Never married,Independent,Very conservative,Yes,Very important,Once or twice a month,Once a day,Protestant,0,Some of the time,"$20,000 - $29,999",Rent,Suburb,I am an immigrant to the USA and a naturalized citizen,Yes,"No, no one in my household has ever been a member of a labor union",No,24082.0,9.9,0.49
New York,1953,Male,Heterosexual / straight,No,4-year,Yes,White,Permanently disabled,Broadband,,Married,Republican,Moderate,Yes,Very important,A few times a year,Several times a day,Protestant,0,Most of the time,"$20,000 - $29,999",Own,Rural area,"My parents, grandparents and I were all born in the USA",Yes,"No, no one in my household has ever been a member of a labor union",No,0.0,11.5,0.0
Indiana,1967,Female,Heterosexual / straight,No,High school graduate,Yes,White,Retired,Broadband,,Divorced,Independent,Liberal,No,Not at all important,Never,Never,Roman Catholic,0,Only now and then,"$50,000 - $59,999",Own,City,"My parents, grandparents and I were all born in the USA",Yes,"No, no one in my household has ever been a member of a labor union",No,29750.0,13.8,0.0
Washington,1973,Female,Heterosexual / straight,No,4-year,Yes,White,Full-time,Broadband,Broadband,Divorced,Independent,Moderate,No,Not at all important,Never,A few times a month,Buddhist,0,Most of the time,Prefer not to say,Own,Town,My parents and I were born in the USA but at least one of my grandparents was an immigrant,Yes,"A member of my household was formerly a member of a labor union, but is not now",No,95542.0,6.3,0.03
Oklahoma,1979,Male,Heterosexual / straight,No,Some college,Yes,White,Full-time,Broadband,Broadband,Married,Independent,Moderate,No,Somewhat important,Seldom,Seldom,Nothing in particular,0,Most of the time,"$30,000 - $39,999",Rent,City,"My parents, grandparents and I were all born in the USA",Yes,"No, no one in my household has ever been a member of a labor union",No,20293.0,12.7,0.0
Texas,1965,Female,Prefer not to say,No,High school graduate,Yes,White,Permanently disabled,Broadband,,Widowed,Republican,Conservative,Yes,Very important,Once a week,Several times a day,Protestant,1,Most of the time,"Less than $10,000",Rent,City,"My parents, grandparents and I were all born in the USA",Yes,"No, no one in my household has ever been a member of a labor union",No,0.0,13.3,1.25
Nevada,1937,Female,Heterosexual / straight,No,Post-grad,Yes,White,Part-time,Broadband,,Married,Democrat,Liberal,No,Not at all important,Never,Never,Agnostic,0,Most of the time,"$60,000 - $69,999",Own,Rural area,My parents and I were born in the USA but at least one of my grandparents was an immigrant,Yes,"A member of my household was formerly a member of a labor union, but is not now",Yes,78937.0,18.9,0.0
Michigan,1960,Female,Heterosexual / straight,No,Post-grad,Yes,White,Full-time,Broadband,Broadband,Married,Republican,Conservative,Yes,Very important,Once a week,Once a day,Protestant,0,Some of the time,"$100,000 - $119,999",Own,Suburb,"My parents, grandparents and I were all born in the USA",Yes,"A member of my household was formerly a member of a labor union, but is not now",Yes,87531.0,9.4,0.21
Pennsylvania,1958,Male,Heterosexual / straight,No,Some college,Yes,White,Full-time,Broadband,Broadband,Domestic / civil partnership,Republican,Not sure,No,Very important,Seldom,Several times a day,Roman Catholic,0,Some of the time,"$50,000 - $59,999",Own,Town,"My parents, grandparents and I were all born in the USA",Yes,"A member of my household was formerly a member of a labor union, but is not now",No,44415.0,8.6,1.3
Georgia,1950,Female,Heterosexual / straight,No,High school graduate,Yes,White,Permanently disabled,Broadband,,Divorced,Republican,Conservative,Yes,Very important,Never,Several times a day,Protestant,0,Most of the time,"Less than $10,000",Own,Suburb,"My parents, grandparents and I were all born in the USA",Yes,"No, no one in my household has ever been a member of a labor union",No,0.0,6.8,0.29
Illinois,1991,Male,Heterosexual / straight,No,4-year,Yes,White,Full-time,Broadband,Broadband,Married,Republican,Very conservative,No,Very important,Once or twice a month,Several times a day,Roman Catholic,1,Most of the time,"$120,000 - $149,999",Rent,Town,"My parents, grandparents and I were all born in the USA",Yes,"Yes, a member of my household is currently a union member",Yes,159328.0,8.6,0.34
Florida,1992,Female,Heterosexual / straight,No,High school graduate,Yes,White,Full-time,Broadband,Broadband,Married,Not sure,Not sure,No,Not too important,Never,Never,Atheist,2,Don't know,"$10,000 - $19,999",Rent,City,"My parents, grandparents and I were all born in the USA",Yes,"No, no one in my household has ever been a member of a labor union",No,327.0,5.1,0.74
Ohio,1958,Female,Heterosexual / straight,No,High school graduate,Yes,White,Full-time,Broadband,Broadband,Widowed,Republican,Moderate,No,Not at all important,Never,Never,Nothing in particular,2,Most of the time,"$10,000 - $19,999",Own,Rural area,"My parents, grandparents and I were all born in the USA",Yes,"No, no one in my household has ever been a member of a labor union",No,0.0,13.4,0.0
Arizona,1953,Male,Heterosexual / straight,No,Some college,Yes,White,Retired,Broadband,Broadband,Married,Other,Conservative,Yes,Very important,More than once a week,Seldom,Protestant,0,Most of the time,"$40,000 - $49,999",Own,City,"My parents, grandparents and I were all born in the USA",Yes,"No, no one in my household has ever been a member of a labor union",Yes,96239.0,3.4,1.16
Delaware,1948,Female,Heterosexual / straight,No,Post-grad,Yes,Black,Retired,Broadband,,Married,Independent,Moderate,Yes,Very important,Once or twice a month,Several times a day,Protestant,0,Some of the time,"$40,000 - $49,999",Own,Rural area,"My parents, grandparents and I were all born in the USA",Yes,"No, no one in my household has ever been a member of a labor union",No,65860.0,15.3,0.0
Pennsylvania,1978,Female,Heterosexual / straight,No,2-year,Yes,White,Homemaker,Broadband,,Married,Republican,Conservative,No,Not at all important,Never,Never,Atheist,1,Most of the time,"$100,000 - $119,999",Own,Suburb,"My parents, grandparents and I were all born in the USA",Yes,"No, no one in my household has ever been a member of a labor union",Yes,140435.0,15.8,0.0
Michigan,1989,Male,Gay man,No,4-year,Yes,White,Full-time,Broadband,Broadband,Married,Independent,Liberal,No,Not too important,Seldom,Seldom,Nothing in particular,0,Most of the time,"$120,000 - $149,999",Own,City,"My parents, grandparents and I were all born in the USA",Yes,"No, no one in my household has ever been a member of a labor union",Yes,134120.0,9.6,0.0
Illinois,1979,Male,Heterosexual / straight,No,High school graduate,Yes,White,Full-time,Dial-up,Dial-up,Never married,Democrat,Very liberal,No,Not at all important,Never,Never,Atheist,0,Most of the time,"$10,000 - $19,999",Rent,City,I am an immigrant to the USA and a naturalized citizen,Yes,"No, no one in my household has ever been a member of a labor union",No,24274.0,13.3,0.0
New York,1998,Female,Heterosexual / straight,No,4-year,Yes,White,Student,Broadband,Broadband,Never married,Republican,Conservative,No,Somewhat important,Once or twice a month,Once a day,Roman Catholic,0,Some of the time,Prefer not to say,Own,Rural area,"My parents, grandparents and I were all born in the USA",Yes,"Yes, a member of my household is currently a union member",No,48786.0,12.5,0.28
North Carolina,1955,Female,Heterosexual / straight,No,Post-grad,Yes,White,Part-time,Broadband,Broadband,Separated,Independent,Moderate,No,Somewhat important,Once a week,Don't know,Protestant,0,Most of the time,"$40,000 - $49,999",Own,Town,My parents and I were born in the USA but at least one of my grandparents was an immigrant,Yes,"No, no one in my household has ever been a member of a labor union",Yes,40680.0,12.5,0.29
California,1941,Female,Heterosexual / straight,No,Post-grad,Yes,White,Retired,Broadband,Broadband,Married,Democrat,Liberal,No,Not too important,Seldom,Never,Roman Catholic,0,Most of the time,"$350,000 - $499,999",Own,City,My parents and I were born in the USA but at least one of my grandparents was an immigrant,Yes,"No, no one in my household has ever been a member of a labor union",Yes,410428.0,13.4,1.05
Oregon,1984,Female,Heterosexual / straight,No,4-year,Yes,White,Part-time,Broadband,Broadband,Never married,Independent,Liberal,No,Not at all important,Never,Never,Agnostic,0,Some of the time,"$50,000 - $59,999",Rent,City,"My parents, grandparents and I were all born in the USA",Yes,"No, no one in my household has ever been a member of a labor union",No,29183.0,10.2,0.0
Colorado,1988,Male,Heterosexual / straight,No,4-year,Yes,Black,Full-time,Broadband,Broadband,Never married,Democrat,Conservative,No,Somewhat important,A few times a year,Seldom,Nothing in particular,0,Only now and then,"$60,000 - $69,999",Rent,City,"My parents, grandparents and I were all born in the USA",Yes,"No, no one in my household has ever been a member of a labor union",Yes,85968.0,5.9,0.0
Georgia,1988,Female,Heterosexual / straight,No,High school graduate,Yes,Black,Full-time,Broadband,Broadband,Never married,Democrat,Moderate,Yes,Very important,Once or twice a month,Once a day,Agnostic,0,Most of the time,"$70,000 - $79,999",Rent,Suburb,"My parents, grandparents and I were all born in the USA",Yes,"No, no one in my household has ever been a member of a labor union",No,112676.0,12.1,0.52
Florida,1989,Female,Bisexual,Prefer not to say,Some college,Yes,White,Homemaker,Broadband,,Never married,Other,Very liberal,No,Not at all important,Never,Never,Atheist,0,Some of the time,"Less than $10,000",Other,Suburb,"My parents, grandparents and I were all born in the USA",Yes,"No, no one in my household has ever been a member of a labor union",No,4235.0,11.8,0.24
Florida,1990,Male,Heterosexual / straight,No,Post-grad,Yes,White,Full-time,Broadband,Broadband,Domestic / civil partnership,Republican,Conservative,No,Not too important,Seldom,Never,Nothing in particular,1,Some of the time,"$100,000 - $119,999",Own,Suburb,My parents and I were born in the USA but at least one of my grandparents was an immigrant,Yes,"No, no one in my household has ever been a member of a labor union",Yes,143386.0,10.8,0.28
Indiana,1993,Male,Heterosexual / straight,No,2-year,Yes,White,Full-time,Broadband,Broadband,Married,Republican,Liberal,No,Somewhat important,A few times a year,A few times a week,Nothing in particular,2,Some of the time,"$50,000 - $59,999",Own,City,My parents and I were born in the USA but at least one of my grandparents was an immigrant,Yes,"No, no one in my household has ever been a member of a labor union",Yes,75479.0,3.0,0.0
California,1957,Female,Heterosexual / straight,No,4-year,Yes,White,Full-time,Broadband,Broadband,Married,Republican,Moderate,No,Somewhat important,Seldom,Seldom,Roman Catholic,0,Some of the time,"$150,000 - $199,999",Own,Suburb,My parents and I were born in the USA but at least one of my grandparents was an immigrant,Yes,"A member of my household was formerly a member of a labor union, but is not now",Yes,176737.0,9.5,1.73
Texas,1982,Male,Heterosexual / straight,No,4-year,Yes,Asian,Full-time,Broadband,Broadband,Never married,Independent,Moderate,Yes,Very important,Once a week,Several times a day,Protestant,0,Some of the time,"$40,000 - $49,999",Own,Suburb,I was born in the USA but at least one of my parents is an immigrant,Yes,"No, no one in my household has ever been a member of a labor union",Yes,52356.0,1.6,1.24
Texas,1991,Female,Other,Yes,High school graduate,Yes,White,Permanently disabled,Broadband,Broadband,Domestic / civil partnership,Democrat,Liberal,No,Not at all important,Never,Never,Agnostic,0,Some of the time,"$30,000 - $39,999",Rent,Town,"My parents, grandparents and I were all born in the USA",Yes,"No, no one in my household has ever been a member of a labor union",No,76726.0,6.9,0.0
Indiana,1975,Male,Heterosexual / straight,No,High school graduate,Yes,White,Part-time,Broadband,Broadband,Divorced,Independent,Liberal,No,Not at all important,Never,Seldom,Agnostic,1,Most of the time,"$60,000 - $69,999",Own,City,"My parents, grandparents and I were all born in the USA",Yes,"No, no one in my household has ever been a member of a labor union",Yes,121193.0,9.6,0.0
Florida,1957,Male,Heterosexual / straight,No,4-year,Yes,White,Full-time,Broadband,Broadband,Married,Democrat,Liberal,No,Not too important,Seldom,Never,Jewish,0,Most of the time,Prefer not to say,Own,Suburb,My parents and I were born in the USA but at least one of my grandparents was an immigrant,Yes,"No, no one in my household has ever been a member of a labor union",Yes,84297.0,,0.0
Florida,1943,Female,Heterosexual / straight,No,High school graduate,Yes,White,Retired,Broadband,,Married,Republican,Conservative,No,Very important,Once a week,Several times a day,Protestant,0,Some of the time,"$30,000 - $39,999",Own,Suburb,My parents and I were born in the USA but at least one of my grandparents was an immigrant,Yes,"A member of my household was formerly a member of a labor union, but is not now",No,66231.0,6.1,0.0
Illinois,1969,Female,Heterosexual / straight,No,Some college,Yes,Black,Full-time,Broadband,Broadband,Married,Democrat,Liberal,No,Somewhat important,A few times a year,A few times a week,Protestant,0,Some of the time,"$80,000 - $99,999",Rent,City,"My parents, grandparents and I were all born in the USA",Yes,"A member of my household was formerly a member of a labor union, but is not now",No,82324.0,6.8,1.07
Michigan,1940,Female,Heterosexual / straight,No,2-year,Yes,White,Retired,Broadband,,Widowed,Democrat,Conservative,Yes,Very important,Once a week,Several times a day,Protestant,0,Some of the time,"$10,000 - $19,999",Rent,Suburb,"My parents, grandparents and I were all born in the USA",Yes,"No, no one in my household has ever been a member of a labor union",No,0.0,16.9,0.61
Louisiana,1951,Male,Heterosexual / straight,No,Some college,Yes,White,Full-time,Broadband,Broadband,Married,Other,Conservative,No,Somewhat important,Seldom,Once a day,Roman Catholic,0,Most of the time,"$70,000 - $79,999",Own,City,"My parents, grandparents and I were all born in the USA",Yes,"No, no one in my household has ever been a member of a labor union",Yes,74365.0,9.0,1.53
Colorado,1970,Female,Heterosexual / straight,No,Post-grad,Yes,White,Student,Broadband,,Married,Republican,Conservative,Yes,Very important,Seldom,Once a day,Protestant,0,Most of the time,"$80,000 - $99,999",Own,Suburb,"My parents, grandparents and I were all born in the USA",Yes,"Yes, a member of my household is currently a union member",Yes,56173.0,12.8,0.87
California,1991,Female,Bisexual,No,2-year,Yes,White,Student,Broadband,Broadband,Domestic / civil partnership,Democrat,Very liberal,No,Not at all important,Never,Seldom,Agnostic,0,Only now and then,"$20,000 - $29,999",Rent,City,"My parents, grandparents and I were all born in the USA",Yes,"No, no one in my household has ever been a member of a labor union",No,5606.0,7.3,0.44
Maine,1956,Female,Heterosexual / straight,No,Post-grad,Yes,Mixed,Full-time,Broadband,Broadband,Married,Independent,Moderate,No,Not at all important,Never,Never,Roman Catholic,0,Only now and then,"$80,000 - $99,999",Own,Suburb,"My parents, grandparents and I were all born in the USA",Yes,"No, no one in my household has ever been a member of a labor union",No,95955.0,7.5,0.07
Missouri,1949,Male,Heterosexual / straight,No,High school graduate,Yes,White,Retired,Broadband,,Married,Democrat,Liberal,No,Very important,A few times a year,Several times a day,Protestant,0,Most of the time,"$20,000 - $29,999",Own,Town,My parents and I were born in the USA but at least one of my grandparents was an immigrant,Yes,"No, no one in my household has ever been a member of a labor union",No,0.0,14.5,2.65
North Carolina,1969,Female,Heterosexual / straight,No,High school graduate,Yes,White,Full-time,Broadband,Broadband,Married,Republican,Moderate,No,Somewhat important,A few times a year,A few times a week,Roman Catholic,0,Some of the time,"$70,000 - $79,999",Rent,City,My parents and I were born in the USA but at least one of my grandparents was an immigrant,Yes,"No, no one in my household has ever been a member of a labor union",Yes,62486.0,3.8,0.62
Oregon,1962,Male,Heterosexual / straight,No,Some college,Yes,White,Full-time,Broadband,Broadband,Married,Other,Very conservative,Yes,Somewhat important,A few times a year,Seldom,Protestant,0,Most of the time,Prefer not to say,Own,Suburb,"My parents, grandparents and I were all born in the USA",Yes,"No, no one in my household has ever been a member of a labor union",Yes,75908.0,11.0,0.0
Minnesota,1991,Female,Heterosexual / straight,No,4-year,Yes,White,Full-time,Broadband,Broadband,Married,Democrat,Very liberal,No,Not too important,Seldom,Seldom,Protestant,0,Most of the time,"$60,000 - $69,999",Own,Suburb,My parents and I were born in the USA but at least one of my grandparents was an immigrant,Yes,"No, no one in my household has ever been a member of a labor union",Yes,61717.0,8.3,0.71
New York,1934,Male,Heterosexual / straight,No,High school graduate,Yes,White,Retired,Broadband,,Married,Democrat,Conservative,No,Very important,Once a week,A few times a week,Roman Catholic,0,Most of the time,"$30,000 - $39,999",Own,Town,My parents and I were born in the USA but at least one of my grandparents was an immigrant,Yes,"No, no one in my household has ever been a member of a labor union",No,60506.0,11.8,0.43
Oregon,1965,Male,Heterosexual / straight,No,High school graduate,Yes,White,Permanently disabled,Broadband,,Divorced,Democrat,Very liberal,No,Somewhat important,Seldom,A few times a month,Nothing in particular,0,Most of the time,"$10,000 - $19,999",Rent,City,"My parents, grandparents and I were all born in the USA",Yes,"No, no one in my household has ever been a member of a labor union",No,0.0,,0.0
Illinois,1985,Male,Heterosexual / straight,No,Some college,Yes,Black,Full-time,Broadband,Broadband,Never married,Independent,Moderate,No,Not at all important,Never,Never,Agnostic,0,Hardly at all,"$40,000 - $49,999",Rent,Suburb,"My parents, grandparents and I were all born in the USA",Yes,"No, no one in my household has ever been a member of a labor union",No,30495.0,11.0,1.15
New York,1983,Female,Bisexual,No,Post-grad,Yes,White,Unemployed,Broadband,Broadband,Married,Democrat,Very liberal,No,Somewhat important,Never,A few times a month,Something else,0,Some of the time,Prefer not to say,Rent,Town,My parents and I were born in the USA but at least one of my grandparents was an immigrant,Yes,"Yes, a member of my household is currently a union member",No,43929.0,14.2,0.84
Maine,1994,Female,Heterosexual / straight,No,High school graduate,Don't know,White,Part-time,Broadband,Broadband,Never married,Republican,Conservative,Yes,Very important,Once a week,Several times a day,Protestant,0,Only now and then,"$30,000 - $39,999",Rent,Suburb,"My parents, grandparents and I were all born in the USA",Yes,"No, no one in my household has ever been a member of a labor union",No,48843.0,6.6,0.8
Illinois,1951,Female,Heterosexual / straight,No,High school graduate,Yes,Black,Retired,Broadband,,Divorced,Democrat,Liberal,No,Very important,Once a week,Several times a day,Nothing in particular,0,Most of the time,"$20,000 - $29,999",Rent,City,"My parents, grandparents and I were all born in the USA",Yes,"No, no one in my household has ever been a member of a labor union",No,29035.0,14.9,0.99
Kentucky,1953,Female,Heterosexual / straight,No,High school graduate,Yes,White,Retired,Broadband,,Never married,Democrat,Very liberal,No,Not at all important,Never,A few times a month,Agnostic,0,Most of the time,"$10,000 - $19,999",Own,Town,"My parents, grandparents and I were all born in the USA",Yes,"A member of my household was formerly a member of a labor union, but is not now",Yes,4094.0,14.5,2.01
Tennessee,1982,Female,Lesbian / gay woman,No,Some college,Yes,Black,Unemployed,Broadband,Broadband,Divorced,Democrat,Liberal,No,Somewhat important,Seldom,Seldom,Nothing in particular,2,Some of the time,"$20,000 - $29,999",Rent,City,"My parents, grandparents and I were all born in the USA",Yes,"No, no one in my household has ever been a member of a labor union",No,8327.0,14.9,0.0
Louisiana,1965,Male,Heterosexual / straight,No,2-year,Yes,Black,Full-time,Broadband,Broadband,Married,Democrat,Conservative,No,Very important,Once a week,Seldom,Roman Catholic,1,Most of the time,"$40,000 - $49,999",Own,Suburb,"My parents, grandparents and I were all born in the USA",Yes,"No, no one in my household has ever been a member of a labor union",No,38072.0,5.2,0.54
Mississippi,1958,Female,Heterosexual / straight,No,Some college,Yes,White,Retired,Broadband,,Married,Republican,Conservative,No,Very important,Never,Several times a day,Something else,0,Only now and then,"$50,000 - $59,999",Other,Suburb,My parents and I were born in the USA but at least one of my grandparents was an immigrant,Yes,"No, no one in my household has ever been a member of a labor union",No,49694.0,5.2,1.11
New Jersey,1962,Female,Heterosexual / straight,No,4-year,Yes,White,Full-time,Broadband,Broadband,Never married,Independent,Conservative,No,Very important,A few times a year,Don't know,Protestant,0,Most of the time,Prefer not to say,Own,Town,My parents and I were born in the USA but at least one of my grandparents was an immigrant,Yes,"No, no one in my household has ever been a member of a labor union",Yes,75213.0,4.1,1.14
Washington,1972,Female,Bisexual,Yes,2-year,Yes,Mixed,Permanently disabled,Broadband,,Divorced,Independent,Moderate,No,Somewhat important,Once a week,A few times a week,Buddhist,1,Most of the time,"Less than $10,000",Rent,City,"My parents, grandparents and I were all born in the USA",Yes,"No, no one in my household has ever been a member of a labor union",No,20710.0,19.0,0.37
North Carolina,1940,Male,Heterosexual / straight,No,Some college,Yes,White,Retired,Broadband,,Married,Republican,Conservative,No,Not too important,Seldom,Seldom,Protestant,0,Most of the time,"$50,000 - $59,999",Own,Suburb,I was born in the USA but at least one of my parents is an immigrant,Yes,"No, no one in my household has ever been a member of a labor union",Yes,48127.0,12.1,0.05
Illinois,1955,Female,Heterosexual / straight,No,2-year,Yes,White,Permanently disabled,Broadband,Broadband,Married,Democrat,Liberal,No,Very important,Once a week,Several times a day,Protestant,0,Most of the time,"$60,000 - $69,999",Own,Town,"My parents, grandparents and I were all born in the USA",Yes,"No, no one in my household has ever been a member of a labor union",No,69478.0,8.8,0.32
New Jersey,1975,Female,Bisexual,No,4-year,Yes,White,Part-time,Broadband,Broadband,Never married,Independent,Liberal,No,Not too important,Seldom,Seldom,Nothing in particular,0,Some of the time,Prefer not to say,Own,Suburb,My parents and I were born in the USA but at least one of my grandparents was an immigrant,Yes,"No, no one in my household has ever been a member of a labor union",Yes,46594.0,11.8,0.0
Washington,1970,Male,Heterosexual / straight,No,Some college,No,White,Permanently disabled,Broadband,,Never married,Other,Moderate,No,Not at all important,Never,Never,Atheist,0,Most of the time,"Less than $10,000",Own,Rural area,"My parents, grandparents and I were all born in the USA",Yes,"No, no one in my household has ever been a member of a labor union",No,0.0,16.6,1.46
Texas,1995,Male,Heterosexual / straight,No,Some college,Yes,White,Full-time,Broadband,Broadband,Never married,Democrat,Moderate,No,Somewhat important,A few times a year,A few times a week,Nothing in particular,0,Some of the time,"$20,000 - $29,999",Rent,City,I am an immigrant to the USA and a naturalized citizen,Yes,"No, no one in my household has ever been a member of a labor union",No,0.0,8.8,0.15
District of Columbia,1945,Male,Gay man,No,Post-grad,Yes,White,Part-time,Broadband,Broadband,Married,Democrat,Liberal,No,Not at all important,Never,Never,Atheist,0,Most of the time,"$150,000 - $199,999",Own,City,I am an immigrant to the USA and a naturalized citizen,Yes,"A member of my household was formerly a member of a labor union, but is not now",Yes,183526.0,19.1,1.06
Kansas,1981,Female,Heterosexual / straight,No,Post-grad,Yes,White,Full-time,Broadband,Broadband,Married,Democrat,Moderate,No,Not too important,Never,Seldom,Nothing in particular,3,Some of the time,"$80,000 - $99,999",Own,Town,"My parents, grandparents and I were all born in the USA",Yes,"No, no one in my household has ever been a member of a labor union",No,57538.0,13.7,0.34
Pennsylvania,1996,Female,Bisexual,Prefer not to say,High school graduate,Yes,Hispanic,Full-time,,,Never married,Other,Not sure,No,Not at all important,Don't know,A few times a week,Nothing in particular,0,Don't know,Prefer not to say,Rent,City,"My parents, grandparents and I were all born in the USA",Yes,"No, no one in my household has ever been a member of a labor union",No,61970.0,11.7,0.0
North Carolina,1967,Male,Other,No,Post-grad,Yes,White,Full-time,Broadband,Broadband,Never married,Independent,Conservative,Yes,Very important,Once a week,Several times a day,Roman Catholic,0,Most of the time,"$80,000 - $99,999",Rent,City,"My parents, grandparents and I were all born in the USA",Yes,"No, no one in my household has ever been a member of a labor union",Yes,77863.0,13.0,1.74
Florida,1972,Female,Heterosexual / straight,No,4-year,Yes,White,Full-time,Broadband,Broadband,Married,Other,Conservative,Yes,Very important,Once a week,Several times a day,Something else,1,Most of the time,Prefer not to say,Own,Town,"My parents, grandparents and I were all born in the USA",Yes,"No, no one in my household has ever been a member of a labor union",Yes,34713.0,8.4,1.18
Indiana,1990,Female,Heterosexual / straight,No,High school graduate,Yes,Mixed,Other,,Broadband,Never married,Independent,Conservative,No,Somewhat important,Once or twice a month,Once a day,Roman Catholic,0,Some of the time,"$500,000 or more",Own,City,"My parents, grandparents and I were all born in the USA",Yes,"No, no one in my household has ever been a member of a labor union",Yes,496353.0,10.1,0.42
New York,1993,Female,Heterosexual / straight,No,4-year,Yes,Middle Eastern,Full-time,Broadband,Broadband,Never married,Independent,Liberal,No,Not too important,Seldom,Seldom,Nothing in particular,0,Some of the time,"$50,000 - $59,999",Rent,Suburb,I was born in the USA but at least one of my parents is an immigrant,Yes,"No, no one in my household has ever been a member of a labor union",Yes,42598.0,9.4,0.45
Florida,1971,Male,Heterosexual / straight,No,2-year,Yes,Black,Full-time,Broadband,Broadband,Married,Democrat,Moderate,No,Somewhat important,Seldom,A few times a week,Something else,0,Some of the time,"$60,000 - $69,999",Own,Suburb,"My parents, grandparents and I were all born in the USA",Yes,"No, no one in my household has ever been a member of a labor union",Yes,49398.0,11.9,0.0
Illinois,1947,Female,Heterosexual / straight,No,High school graduate,Yes,White,Homemaker,Broadband,,Married,Democrat,Liberal,No,Somewhat important,Seldom,Don't know,Protestant,0,Most of the time,"$20,000 - $29,999",Own,Rural area,"My parents, grandparents and I were all born in the USA",Yes,"A member of my household was formerly a member of a labor union, but is not now",No,329.0,19.3,0.9
Illinois,1980,Male,Heterosexual / straight,No,High school graduate,Yes,White,Permanently disabled,Broadband,Broadband,Never married,Not sure,Very liberal,Yes,Very important,More than once a week,Several times a day,Protestant,1,Most of the time,"$20,000 - $29,999",Other,City,"My parents, grandparents and I were all born in the USA",Yes,"Yes, a member of my household is currently a union member",No,49310.0,,1.3
Mississippi,1996,Female,Heterosexual / straight,No,2-year,Yes,White,Homemaker,Broadband,,Married,Independent,Conservative,No,Very important,Once a week,Several times a day,Mormon,1,Some of the time,"$10,000 - $19,999",Rent,Suburb,"My parents, grandparents and I were all born in the USA",Yes,"No, no one in my household has ever been a member of a labor union",No,23537.0,5.4,0.95
Ohio,1952,Male,Heterosexual / straight,No,High school graduate,Yes,White,Retired,Broadband,,Married,Independent,Moderate,No,Somewhat important,Seldom,A few times a week,Nothing in particular,7,Most of the time,"$60,000 - $69,999",Own,Rural area,"My parents, grandparents and I were all born in the USA",Yes,"No, no one in my household has ever been a member of a labor union",Yes,64361.0,17.2,0.0
Iowa,1974,Female,Bisexual,No,High school graduate,Yes,White,Full-time,Broadband,Broadband,Married,Independent,Not sure,No,Not at all important,Never,Never,Something else,1,Most of the time,"$70,000 - $79,999",Rent,Rural area,"My parents, grandparents and I were all born in the USA",Yes,"No, no one in my household has ever been a member of a labor union",No,35425.0,14.5,0.97
Virginia,2000,Male,Bisexual,No,Some college,Yes,White,Student,Broadband,Broadband,Never married,Democrat,Very liberal,No,Not at all important,Never,Never,Atheist,0,Most of the time,"$50,000 - $59,999",Other,Suburb,"My parents, grandparents and I were all born in the USA",Yes,"No, no one in my household has ever been a member of a labor union",Yes,38825.0,9.6,0.5
Arizona,1937,Male,Heterosexual / straight,No,4-year,Yes,White,Retired,Broadband,,Married,Republican,Conservative,No,Not at all important,Seldom,Seldom,Jewish,0,Most of the time,"$70,000 - $79,999",Own,Suburb,My parents and I were born in the USA but at least one of my grandparents was an immigrant,Yes,"No, no one in my household has ever been a member of a labor union",Yes,96585.0,,0.0
California,1937,Male,Heterosexual / straight,No,Post-grad,Yes,White,Retired,Broadband,,Married,Republican,Conservative,No,Very important,A few times a year,A few times a week,Protestant,0,Most of the time,"$100,000 - $119,999",Own,Rural area,I was born in the USA but at least one of my parents is an immigrant,Yes,"A member of my household was formerly a member of a labor union, but is not now",Yes,123911.0,14.9,0.0
Washington,1957,Female,Heterosexual / straight,No,High school graduate,Yes,White,Retired,Broadband,,Married,Democrat,Moderate,No,Not at all important,Never,Several times a day,Nothing in particular,0,Most of the time,"Less than $10,000",Own,Rural area,My parents and I were born in the USA but at least one of my grandparents was an immigrant,Yes,"No, no one in my household has ever been a member of a labor union",Yes,54056.0,17.3,0.43
Georgia,1962,Female,Heterosexual / straight,No,4-year,Yes,Black,Homemaker,Broadband,,Married,Independent,Liberal,No,Not at all important,Never,A few times a week,Nothing in particular,0,Most of the time,"$50,000 - $59,999",Rent,City,"My parents, grandparents and I were all born in the USA",Yes,"No, no one in my household has ever been a member of a labor union",No,57272.0,19.0,0.0
New York,1967,Female,Heterosexual / straight,No,2-year,Yes,White,Unemployed,Broadband,,Never married,Independent,Very conservative,No,Very important,More than once a week,Several times a day,Roman Catholic,0,Some of the time,"$100,000 - $119,999",Rent,City,"My parents, grandparents and I were all born in the USA",Yes,"A member of my household was formerly a member of a labor union, but is not now",Yes,127015.0,10.3,1.15
North Carolina,1975,Male,Heterosexual / straight,No,4-year,Yes,Black,Full-time,Broadband,Broadband,Married,Republican,Conservative,No,Very important,Once a week,Several times a day,Mormon,0,Most of the time,"$80,000 - $99,999",Own,Suburb,My parents and I were born in the USA but at least one of my grandparents was an immigrant,Yes,"No, no one in my household has ever been a member of a labor union",Yes,118958.0,,0.74
California,1994,Male,Heterosexual / straight,No,4-year,Yes,Hispanic,Full-time,Broadband,Broadband,Married,Democrat,Very liberal,No,Very important,Once a week,Once a week,Roman Catholic,2,Some of the time,"$40,000 - $49,999",Own,Suburb,I was born in the USA but at least one of my parents is an immigrant,Yes,"No, no one in my household has ever been a member of a labor union",Yes,0.0,,0.17
California,1946,Male,Heterosexual / straight,No,Some college,Yes,White,Retired,Broadband,,Married,Republican,Conservative,No,Not at all important,Never,Never,Atheist,0,Most of the time,"$60,000 - $69,999",Own,Town,"My parents, grandparents and I were all born in the USA",Yes,"No, no one in my household has ever been a member of a labor union",No,45294.0,14.2,0.14
Pennsylvania,1968,Female,Heterosexual / straight,No,High school graduate,Yes,Black,Permanently disabled,Broadband,,Married,Democrat,Very conservative,No,Very important,Never,Several times a day,Protestant,0,Some of the time,"$50,000 - $59,999",Own,City,"My parents, grandparents and I were all born in the USA",Yes,"No, no one in my household has ever been a member of a labor union",No,55399.0,16.9,0.66
Georgia,1974,Female,Heterosexual / straight,No,4-year,Yes,White,Retired,Broadband,,Widowed,Independent,Conservative,Yes,Very important,Once a week,Several times a day,Protestant,0,Most of the time,"$50,000 - $59,999",Own,Town,"My parents, grandparents and I were all born in the USA",Yes,"No, no one in my household has ever been a member of a labor union",No,57555.0,15.8,0.34
Texas,1981,Male,Heterosexual / straight,No,Post-grad,Yes,White,Full-time,Broadband,Broadband,Married,Independent,Conservative,No,Not too important,Seldom,Seldom,Protestant,2,Most of the time,"$150,000 - $199,999",Own,Suburb,"My parents, grandparents and I were all born in the USA",Yes,"No, no one in my household has ever been a member of a labor union",Yes,188816.0,7.4,0.0
Pennsylvania,1944,Male,Heterosexual / straight,No,Post-grad,Yes,White,Retired,Broadband,,Married,Democrat,Liberal,No,Somewhat important,Once or twice a month,Several times a day,Roman Catholic,0,Most of the time,"$80,000 - $99,999",Own,Rural area,"My parents, grandparents and I were all born in the USA",Yes,"No, no one in my household has ever been a member of a labor union",Yes,50318.0,16.5,0.95
Arizona,1957,Female,Heterosexual / straight,No,2-year,Yes,White,Permanently disabled,Broadband,,Widowed,Independent,Very liberal,No,Not at all important,Never,Never,Atheist,0,Most of the time,"$10,000 - $19,999",Other,Suburb,"My parents, grandparents and I were all born in the USA",Yes,"No, no one in my household has ever been a member of a labor union",No,0.0,17.9,0.0
Connecticut,1965,Male,Heterosexual / straight,No,High school graduate,Yes,White,Full-time,Broadband,Broadband,Married,Democrat,Moderate,No,Very important,Once a week,Several times a day,Roman Catholic,1,Most of the time,"$80,000 - $99,999",Own,City,"My parents, grandparents and I were all born in the USA",Yes,"No, no one in my household has ever been a member of a labor union",Yes,129107.0,11.7,0.0
North Carolina,1961,Female,Heterosexual / straight,No,High school graduate,Yes,White,Part-time,Broadband,,Married,Republican,Conservative,No,Very important,A few times a year,Several times a day,Roman Catholic,1,Most of the time,"$20,000 - $29,999",Own,Suburb,"My parents, grandparents and I were all born in the USA",Yes,"No, no one in my household has ever been a member of a labor union",No,21196.0,9.1,0.19
Oregon,1969,Female,Lesbian / gay woman,Yes,Post-grad,Yes,White,Full-time,Broadband,Broadband,Married,Democrat,Very liberal,No,Not at all important,Never,Never,Atheist,0,Most of the time,"$40,000 - $49,999",Own,Rural area,"My parents, grandparents and I were all born in the USA",Yes,"A member of my household was formerly a member of a labor union, but is not now",No,6010.0,8.9,0.85
Minnesota,1985,Female,Heterosexual / straight,No,Some college,Yes,White,Full-time,Broadband,Broadband,Never married,Democrat,Liberal,No,Not at all important,Seldom,Seldom,Nothing in particular,0,Most of the time,"$30,000 - $39,999",Rent,City,"My parents, grandparents and I were all born in the USA",Yes,"No, no one in my household has ever been a member of a labor union",No,8077.0,1.0,0.0
Oklahoma,1987,Male,Heterosexual / straight,No,4-year,Yes,Hispanic,Full-time,Broadband,Broadband,Never married,Democrat,Liberal,No,Somewhat important,Once or twice a month,A few times a week,Roman Catholic,1,Most of the time,"$70,000 - $79,999",Own,Suburb,My parents and I were born in the USA but at least one of my grandparents was an immigrant,Yes,"No, no one in my household has ever been a member of a labor union",No,74295.0,6.7,0.35
Texas,1946,Female,Heterosexual / straight,No,Post-grad,Yes,Black,Retired,Broadband,,Never married,Not sure,Conservative,Yes,Very important,Once a week,Once a day,Protestant,0,Hardly at all,"$20,000 - $29,999",Rent,City,My parents and I were born in the USA but at least one of my grandparents was an immigrant,Yes,"No, no one in my household has ever been a member of a labor union",No,19821.0,8.0,1.1
Texas,1990,Male,Heterosexual / straight,No,High school graduate,Yes,Hispanic,Full-time,Broadband,Broadband,Never married,Democrat,Conservative,No,Very important,Never,Never,Protestant,0,Most of the time,"$50,000 - $59,999",Own,City,I am an immigrant to the USA and a naturalized citizen,Yes,"No, no one in my household has ever been a member of a labor union",Yes,48902.0,9.6,0.64
California,1982,Female,Heterosexual / straight,No,4-year,Yes,Black,Full-time,Broadband,Broadband,Never married,Independent,Moderate,No,Very important,Never,Several times a day,Something else,0,Most of the time,"$60,000 - $69,999",Rent,Suburb,"My parents, grandparents and I were all born in the USA",Yes,"No, no one in my household has ever been a member of a labor union",Yes,119706.0,,1.4
Nebraska,1963,Male,Heterosexual / straight,No,High school graduate,Yes,White,Full-time,Broadband,Broadband,Married,Democrat,Liberal,No,Not at all important,Never,Seldom,Nothing in particular,0,Most of the time,"$120,000 - $149,999",Own,City,"My parents, grandparents and I were all born in the USA",Yes,"No, no one in my household has ever been a member of a labor union",No,128406.0,13.9,0.1
Florida,1933,Male,Heterosexual / straight,No,High school graduate,Yes,White,Retired,Broadband,,Married,Republican,Conservative,No,Not too important,Once a week,Seldom,Roman Catholic,0,Most of the time,"$100,000 - $119,999",Own,Suburb,My parents and I were born in the USA but at least one of my grandparents was an immigrant,Yes,"No, no one in my household has ever been a member of a labor union",Yes,96425.0,15.8,0.27
Kentucky,1988,Female,Heterosexual / straight,No,High school graduate,Yes,White,Homemaker,,,Married,Independent,Moderate,Yes,Very important,More than once a week,Several times a day,Protestant,4,Only now and then,"$40,000 - $49,999",Rent,Rural area,"My parents, grandparents and I were all born in the USA",Yes,"No, no one in my household has ever been a member of a labor union",No,49672.0,19.1,2.62
Arizona,1937,Female,Heterosexual / straight,No,High school graduate,Yes,White,Retired,Broadband,,Married,Republican,Very conservative,Yes,Very important,More than once a week,Several times a day,Something else,0,Most of the time,"$60,000 - $69,999",Own,Suburb,"My parents, grandparents and I were all born in the USA",Yes,"No, no one in my household has ever been a member of a labor union",Yes,68867.0,15.9,1.22
